ProtName	AminoAcids	PredictedStructure
1	>1AB2:A	GSGNSLEKHSWYHGPVSRNAAEYLLSSGINGSFLVRESESSPGQRSISLRYEGRVYHYRINTASDGKLYVSSESRFNTLAELVHHHSTVADGLITTLHYPAPKRGIHRD	HCHTCETHHCTHHHHHCTTHHTHEECCHCTHCEEHHTCTCCHHHHCCCEHHTHHHHHHHCTHHCHHHEHHCCTCHHTEEETEHHHHCHHHHHECHHEHHHHHHHHCHHH
2	>1AB3:A	PITKEEKQKVIQEFARFPGDTGSTEVQVALLTLRINRLSEHLKVHKKDHHSHRGLLMMVGQRRRLLRYLQREDPERYRALIEKLGIRG	CCHHTTHHHHCHTHHHHHHHHHCHTHHHHEEEEECTEECTEEHHHHHHHHCHHHEEHHHHHHHHEEHHEHHTHHTHHHHECTEEHCHH
3	>1AB4:A	VGRALPDVRDGLKPVHRRVLYAMNVLGNDWNKAYKKSARVVGDVIGKYHPHGDSAVYDTIVRMAQPFSLRYMLVDGQGNFGSIDGDSAAAMRYTEIRLAKIAHELMADLEKETVDFVDNYDGTEKIPDVMPTKIPNLLVNGSSGIAVGMATNIPPHNLTEVINGCLAYIDDEDISIEGLMEHIPGPDFPTAAIINGRRGIEEAYRTGRGKVYIRARAEVEVDAKTGRETIIVHEIPYQVNKARLIEKIAELVKEKRVEGISALRDESDKDGMRIVIEVKRDAVGEVVLNNLYSQTQLQVSFGINMVALHHGQPKIMNLKDIIAAFVRHRREVVTRRTIFELRKARDRAHILEALAVALANIDPIIELIRHAPTPAEAKTALVANPWQLGNVAAMLERAGDDAARPEWLEPEFGVRDGLYYLTEQQAQAILDLRLQKLTGLEHEKLLDEYKELLDQIAELLRILGSADRLMEVIREELELVREQFGDKRRTEIT	HHHHEHHHHHHEHHHHHHHEHHHTEEHTTTTHHHHHCHHHHHHHCHHHHHHHHCHHHHHCHHHHHHHCEHHHEHHHHHTHHCCHHHCHHHHHHHTCEEHHCHHTEHHHETHTHHHHHHTHHHHTHCHHHHHHHCCTEEETHCCHCHHHHHHTCHHHTEETCCTHEEHHCHHTCCCCTHEETBCHHHHHHHHHCCTHHHHCTTHHHHHHHHHHCHHHHTTTHHHHHHHTBCCHHTCHHHHTHHHECTHCHTEHHTHHHTHCCEEHHTCHHHHHHCCCTHHHHHHHTHHETTEHCHHHEHHCHHCTHHHEHHHHHHCCTEHHCCHHHHHHHHTHHHHHHCCTEHHHHHHHHCETEEHHHEETCHHCCTECHHHHHHHTHHHHEHHTHHHEHTHHHHETHHHHHHHHHTTETTTHHHHHHEHHEETHHHHHCEEEEEHHEHHETTTEEEETHHTEEHHCHTEEECEHCHHHEETCCTTTETEHHTHHHHHHHHTCH
4	>1AB5:B	ELKFLVVDDNSTMRRITRNLLKELGFNNVEEAEDGVDALNKLQAGGYGFVISDWNMPNMDGLELLKTIRADGAMSALPVLMVTAEAKKENIIAAAQAGASGYVVKPFTAATLEEKLNKIFEKLGM	TEEEEHHHHTCHHHHCHHTEEETEHHTTTTTHTHHHHHETEEHHHHHHHHCCCTTHHTHHHETEEHHCHHHHHHCEEEEEHHHHTHHHTTCCHHHHHHHCHHHHHHHHHHHETTEETHCCTEEHH
5	>1AB5:A	ELKFLVVDDNSTMRRITRNLLKELGFNNVEEAEDGVDALNKLQAGGYGFVISDWNMPNMDGLELLKTIRADGAMSALPVLMVTAEAKKENIIAAAQAGASGYVVKPFTAATLEEKLNKIFEKLGM	TEEEEHHHHTCHHHHCHHTEEETEHHTTTTTHTHHHHHETEEHHHHHHHHCCCTTHHTHHHETEEHHCHHHHHHCEEEEEHHHHTHHHTTCCHHHHHHHCHHHHHHHHHHHETTEETHCCTEEHH
6	>1AB6:A	ELKFLVVDDNSTMRRIVRNLLKELGFNNVEEAEDGVDALNKLQAGGYGFVISDWNMPNMDGLELLKTIRADGAMSALPVLMTTAEAKKENIIAAAQAGASGYVVKPFTAATLEEKLNKIFEKLGM	TEEEEHHHHTCHHHHCHHTEEETEHHTTTTTHTHHHHHETEEHHHHHHHHCCCTTHHTHHHETEEHHCHHHHHHCEEEEEHHHHTHHHTTCCHHHHHHHCHHHHHHHHHHHETTEETHCCTEEHH
7	>1AB6:B	ELKFLVVDDNSTMRRIVRNLLKELGFNNVEEAEDGVDALNKLQAGGYGFVISDWNMPNMDGLELLKTIRADGAMSALPVLMTTAEAKKENIIAAAQAGASGYVVKPFTAATLEEKLNKIFEKLGM	TEEEEHHHHTCHHHHCHHTEEETEHHTTTTTHTHHHHHETEEHHHHHHHHCCCTTHHTHHHETEEHHCHHHHHHCEEEEEHHHHTHHHTTCCHHHHHHHCHHHHHHHHHHHETTEETHCCTEEHH
8	>1AB7:A	KKAVINGEQIRSISDLHQTLKKELALPEYYGENLDALWDALTGWVEYPLVLEWRQFEQSKQLTENGAESVLQVFREAKAEGADITIILS	HHHHCTHTHCCCCCEEHHHEHHTEEEETHHHTTEHHETHHEHHHHTHHEEETTHHHTHCHHEETTHHTCEEHHHHTHHHTHHHCCCCEC
9	>1AB8:A	SLKNEELYHQSYDCVCVMFASIPDFKEFYTESDVNKEGLECLRLLNEIIADFDDLLSKPKFSGVEKIKTIGSTYMAATGLSAIPSQEHAQEPERQYMHIGTMVEFAYALVGKLDAINKHSFNDFKLRVGINHGPVIAGVIGAQKPQYDIWGNTVNVASRMDSTGVLDKIQVTEETSLILQTLGYTCTCRGIINVKGKGDLKTYFVNTEMSRSLSQSNLAS	CEETTTEHHHCHHEEEHHHHCCHHHHTHHHTCHHTHTHETEEEEETTCCHHHHHEECHHHHCHHTHCHHCHCHHHHHHHECHCCCHTHHHTTTHHHHHCHHHHTHHHHEHHHEHHCTHHCCTHHHEHHHCTHHHHCHHHCHHHHHHHHCTHTHHTHHCHHHCHHHEHHCHHHTTBCECEHHEHHHEEEHHCCTHHHHHHEHHHHHTTTCCCCECHCTEEC
10	>1AB8:B	SLKNEELYHQSYDCVCVMFASIPDFKEFYTESDVNKEGLECLRLLNEIIADFDDLLSKPKFSGVEKIKTIGSTYMAATGLSAIPSQEHAQEPERQYMHIGTMVEFAYALVGKLDAINKHSFNDFKLRVGINHGPVIAGVIGAQKPQYDIWGNTVNVASRMDSTGVLDKIQVTEETSLILQTLGYTCTCRGIINVKGKGDLKTYFVNTEMSRSLSQSNLAS	CEETTTEHHHCHHEEEHHHHCCHHHHTHHHTCHHTHTHETEEEEETTCCHHHHHEECHHHHCHHTHCHHCHCHHHHHHHECHCCCHTHHHTTTHHHHHCHHHHTHHHHEHHHEHHCTHHCCTHHHEHHHCTHHHHCHHHCHHHHHHHHCTHTHHTHHCHHHCHHHEHHCHHHTTBCECEHHEHHHEEEHHCCTHHHHHHEHHHHHTTTCCCCECHCTEEC
11	>1AB9:D	TPGVY	HHHHH
12	>1AB9:A	CGVPAIQPVLSGL	EHHHHCHHHECHE
13	>1AB9:B	IVNGEEAVPGSWPWQVSLQDKTGFHFCGGSLINENWVVTAAHCGVTTSDVVVAGEFDQGSSSEKIQKLKIAKVFKNSKYNSLTINNDITLLKLSTAASFSQTVSAVCLPSASDDFAAGTTCVTTGWGLTRY	CCTHTTHHHHCTHHHHCEHHHHHHHHEHHCECTTTTHHHHHHEHHHHCHHHHHHTHHHHCCCTHCHHEECHHHHHTCHHTCEECTTCCEEEEECHHHCCCHHHCHHEEECHCHHHHHHHHEHHHHHHEHHH
14	>1AB9:C	ANTPDRLQQASLPLLSNTNCKKYWGTKIKDAMICAGASGVSSCMGDSGGPLVCKKNGAWTLVGIVSWGSSTCSTSTPGVYARVTALVNWVQQTLAAN	HTHHHHEHHHCEEEECTTTEHHHHHHHCHHHHCEHHHCHHCCEHHHCHHHEEEHHTHHHHEHHCCCTHCCEECCCHHHHHHHHHHEETTHHHHEHHT
15	>1ABA:A	MFKVYGYDSNIHKCGPCDNAKRLLTVKKQPFEFINIMPEKGVFDDEKIAELLTKLGRDTQIGLTMPQVFAPDGSHIGGFDQLREYFK	HHHHHHHHCTCHHEHHEETHHHEEHHHHHHHTBCTCHHTHHHHHHTHCHTEEHHEHHHHHCHEHHHHHHHHHHCCCHHHHHEETHHH
16	>1ABB:B	RKQISVRGLAGVENVTELKKNFNRHLHFTLVKDRNVATPRDYYFALAHTVRDHLVGRWIRTQQHYYEKDPKRIYYLSLEFYMGRTLQNTMVNLALENACDEATYQLGLDMEELEEIEEDAGLGNGGLGRLAACFLDSMATLGLAAYGYGIRYEFGIFNQKICGGWQMEEADDWLRYGNPWEKARPEFTLPVHFYGRVEHTSQGAKWVDTQVVLAMPYDTPVPGYRNNVVNTMRLWSAKAPNDFNLKDFNVGGYIQAVLDRNLAENISRVLYPNDNFFEGKELRLKQEYFVVAATLQDIIRRFKSSKFGCRDPVRTNFDAFPDKVAIQLNDTHPSLAIPELMRVLVDLERLDWDKAWEVTVKTCAYTNHTVIPEALERWPVHLLETLLPRHLQIIYEINQRFLNRVAAAFPGDVDRLRRMSLVEEGAVKRINMAHLCIAGSHAVNGVARIHSEILKKTIFKDFYELEPHKFQNKTNGITPRRWLVLCNPGLAEIIAERIGEEYISDLDQLRKLLSYVDDEAFIRDVAKVKQENKLKFAAYLEREYKVHINPNSLFDVQVKRIHEYKRQLLNCLHVITLYNRIKKEPNKFVVPRTVMIGGKAAPGYHMAKMIIKLITAIGDVVNHDPVVGDRLRVIFLENYRVSLAEKVIPAADLSEQISTAGTEASGTGNMKFMLNGALTIGTMDGANVEMAEEAGEENFFIFGMRVEDVDRLDQRGYNAQEYYDRIPELRQIIEQLSSGFFSPKQPDLFKDIVNMLMHHDRFKVFADYEEYVKCQERVSALYKNPREWTRMVIRNIATSGKFSSDRTIAQYAREIWGVEPSRQRLPAP	HHHCCHHHEHHHTTHHTEHHTTTHHEHHHEHHHHTHHHHHHHHHHEHHHHHHHEHHHTCHHHHHHHTHHHHHCHHECETHHHHHHEHTHHHTEEETTEEETHHHHEHEHHTTETTCTTHHHEHTHHEHHEHHEEEECHHHEHEHHHHHHCHHTHHCCTHHCEHHHHHTTHHHTEHHHTTTTHHHHTHHEHHHHHHHHTHHCHHHHHHHHHHHEHHHHHHHHHHHHTTHHTHHHETCHHHHTHHTEHHHTHHHHCHHHEHHTEETTCCHHEHHTTTHHTHHTEEEHHTHHHHHHHEHHCCHHHHCCHHHEHHHHHHTHHHHHHHHHCHETHHHHCEECCTEHHHEEEETEEHHHHHTTHHHHHEHHHTHHHCCTEETHHHHHEETEEEHHHEHCCHTCTHHHETHHHHHHHHHHHHEHHHCEETTHHHHHCTHHHEECHHCHHHTHHHHCCCTCEHHHCHHHHHTETHHHHHTHHTHCHHHHTEEEETHHEETCCHTTCHTTHCCEEHHEEEEECHHHHTHHCHHHHHHHHTTEEHHHHHETTTHHHHCTTTCEHHHHHHHCTTHHHHEETEEHHCEEHTTCHHTTTHHHHHHHHHCHHHHHHHHHHHHHCCEECHHCHHHHTHHHHHHHHEHHCEETTHHHCEETHHCHHHHECTHCCHHHHTHCHHHTHHHHETHHEECHHHHHHTTTHHTTHHTTTHHCHHHHHTHHHHEHHHHHTHHTHHHHCCTEHHCCTHECCHHHCHHHHHEHHHCCTEEHHHHHHHHHHHHTTHHHEHTHHCEEHHTHHTTHHHHCTTCHHCHHHCCHHHCHHHHHTCTHHTBCHHHEHHH
17	>1ABB:C	RKQISVRGLAGVENVTELKKNFNRHLHFTLVKDRNVATPRDYYFALAHTVRDHLVGRWIRTQQHYYEKDPKRIYYLSLEFYMGRTLQNTMVNLALENACDEATYQLGLDMEELEEIEEDAGLGNGGLGRLAACFLDSMATLGLAAYGYGIRYEFGIFNQKICGGWQMEEADDWLRYGNPWEKARPEFTLPVHFYGRVEHTSQGAKWVDTQVVLAMPYDTPVPGYRNNVVNTMRLWSAKAPNDFNLKDFNVGGYIQAVLDRNLAENISRVLYPNDNFFEGKELRLKQEYFVVAATLQDIIRRFKSSKFGCRDPVRTNFDAFPDKVAIQLNDTHPSLAIPELMRVLVDLERLDWDKAWEVTVKTCAYTNHTVIPEALERWPVHLLETLLPRHLQIIYEINQRFLNRVAAAFPGDVDRLRRMSLVEEGAVKRINMAHLCIAGSHAVNGVARIHSEILKKTIFKDFYELEPHKFQNKTNGITPRRWLVLCNPGLAEIIAERIGEEYISDLDQLRKLLSYVDDEAFIRDVAKVKQENKLKFAAYLEREYKVHINPNSLFDVQVKRIHEYKRQLLNCLHVITLYNRIKKEPNKFVVPRTVMIGGKAAPGYHMAKMIIKLITAIGDVVNHDPVVGDRLRVIFLENYRVSLAEKVIPAADLSEQISTAGTEASGTGNMKFMLNGALTIGTMDGANVEMAEEAGEENFFIFGMRVEDVDRLDQRGYNAQEYYDRIPELRQIIEQLSSGFFSPKQPDLFKDIVNMLMHHDRFKVFADYEEYVKCQERVSALYKNPREWTRMVIRNIATSGKFSSDRTIAQYAREIWGVEPSRQRLPAP	HHHCCHHHEHHHTTHHTEHHTTTHHEHHHEHHHHTHHHHHHHHHHEHHHHHHHEHHHTCHHHHHHHTHHHHHCHHECETHHHHHHEHTHHHTEEETTEEETHHHHEHEHHTTETTCTTHHHEHTHHEHHEHHEEEECHHHEHEHHHHHHCHHTHHCCTHHCEHHHHHTTHHHTEHHHTTTTHHHHTHHEHHHHHHHHTHHCHHHHHHHHHHHEHHHHHHHHHHHHTTHHTHHHETCHHHHTHHTEHHHTHHHHCHHHEHHTEETTCCHHEHHTTTHHTHHTEEEHHTHHHHHHHEHHCCHHHHCCHHHEHHHHHHTHHHHHHHHHCHETHHHHCEECCTEHHHEEEETEEHHHHHTTHHHHHEHHHTHHHCCTEETHHHHHEETEEEHHHEHCCHTCTHHHETHHHHHHHHHHHHEHHHCEETTHHHHHCTHHHEECHHCHHHTHHHHCCCTCEHHHCHHHHHTETHHHHHTHHTHCHHHHTEEEETHHEETCCHTTCHTTHCCEEHHEEEEECHHHHTHHCHHHHHHHHTTEEHHHHHETTTHHHHCTTTCEHHHHHHHCTTHHHHEETEEHHCEEHTTCHHTTTHHHHHHHHHCHHHHHHHHHHHHHCCEECHHCHHHHTHHHHHHHHEHHCEETTHHHCEETHHCHHHHECTHCCHHHHTHCHHHTHHHHETHHEECHHHHHHTTTHHTTHHTTTHHCHHHHHTHHHHEHHHHHTHHTHHHHCCTEHHCCTHECCHHHCHHHHHEHHHCCTEEHHHHHHHHHHHHTTHHHEHTHHCEEHHTHHTTHHHHCTTCHHCHHHCCHHHCHHHHHTCTHHTBCHHHEHHH
18	>1ABB:A	RKQISVRGLAGVENVTELKKNFNRHLHFTLVKDRNVATPRDYYFALAHTVRDHLVGRWIRTQQHYYEKDPKRIYYLSLEFYMGRTLQNTMVNLALENACDEATYQLGLDMEELEEIEEDAGLGNGGLGRLAACFLDSMATLGLAAYGYGIRYEFGIFNQKICGGWQMEEADDWLRYGNPWEKARPEFTLPVHFYGRVEHTSQGAKWVDTQVVLAMPYDTPVPGYRNNVVNTMRLWSAKAPNDFNLKDFNVGGYIQAVLDRNLAENISRVLYPNDNFFEGKELRLKQEYFVVAATLQDIIRRFKSSKFGCRDPVRTNFDAFPDKVAIQLNDTHPSLAIPELMRVLVDLERLDWDKAWEVTVKTCAYTNHTVIPEALERWPVHLLETLLPRHLQIIYEINQRFLNRVAAAFPGDVDRLRRMSLVEEGAVKRINMAHLCIAGSHAVNGVARIHSEILKKTIFKDFYELEPHKFQNKTNGITPRRWLVLCNPGLAEIIAERIGEEYISDLDQLRKLLSYVDDEAFIRDVAKVKQENKLKFAAYLEREYKVHINPNSLFDVQVKRIHEYKRQLLNCLHVITLYNRIKKEPNKFVVPRTVMIGGKAAPGYHMAKMIIKLITAIGDVVNHDPVVGDRLRVIFLENYRVSLAEKVIPAADLSEQISTAGTEASGTGNMKFMLNGALTIGTMDGANVEMAEEAGEENFFIFGMRVEDVDRLDQRGYNAQEYYDRIPELRQIIEQLSSGFFSPKQPDLFKDIVNMLMHHDRFKVFADYEEYVKCQERVSALYKNPREWTRMVIRNIATSGKFSSDRTIAQYAREIWGVEPSRQRLPAP	HHHCCHHHEHHHTTHHTEHHTTTHHEHHHEHHHHTHHHHHHHHHHEHHHHHHHEHHHTCHHHHHHHTHHHHHCHHECETHHHHHHEHTHHHTEEETTEEETHHHHEHEHHTTETTCTTHHHEHTHHEHHEHHEEEECHHHEHEHHHHHHCHHTHHCCTHHCEHHHHHTTHHHTEHHHTTTTHHHHTHHEHHHHHHHHTHHCHHHHHHHHHHHEHHHHHHHHHHHHTTHHTHHHETCHHHHTHHTEHHHTHHHHCHHHEHHTEETTCCHHEHHTTTHHTHHTEEEHHTHHHHHHHEHHCCHHHHCCHHHEHHHHHHTHHHHHHHHHCHETHHHHCEECCTEHHHEEEETEEHHHHHTTHHHHHEHHHTHHHCCTEETHHHHHEETEEEHHHEHCCHTCTHHHETHHHHHHHHHHHHEHHHCEETTHHHHHCTHHHEECHHCHHHTHHHHCCCTCEHHHCHHHHHTETHHHHHTHHTHCHHHHTEEEETHHEETCCHTTCHTTHCCEEHHEEEEECHHHHTHHCHHHHHHHHTTEEHHHHHETTTHHHHCTTTCEHHHHHHHCTTHHHHEETEEHHCEEHTTCHHTTTHHHHHHHHHCHHHHHHHHHHHHHCCEECHHCHHHHTHHHHHHHHEHHCEETTHHHCEETHHCHHHHECTHCCHHHHTHCHHHTHHHHETHHEECHHHHHHTTTHHTTHHTTTHHCHHHHHTHHHHEHHHHHTHHTHHHHCCTEHHCCTHECCHHHCHHHHHEHHHCCTEEHHHHHHHHHHHHTTHHHEHTHHCEEHHTHHTTHHHHCTTCHHCHHHCCHHHCHHHHHTCTHHTBCHHHEHHH
19	>1ABB:D	RKQISVRGLAGVENVTELKKNFNRHLHFTLVKDRNVATPRDYYFALAHTVRDHLVGRWIRTQQHYYEKDPKRIYYLSLEFYMGRTLQNTMVNLALENACDEATYQLGLDMEELEEIEEDAGLGNGGLGRLAACFLDSMATLGLAAYGYGIRYEFGIFNQKICGGWQMEEADDWLRYGNPWEKARPEFTLPVHFYGRVEHTSQGAKWVDTQVVLAMPYDTPVPGYRNNVVNTMRLWSAKAPNDFNLKDFNVGGYIQAVLDRNLAENISRVLYPNDNFFEGKELRLKQEYFVVAATLQDIIRRFKSSKFGCRDPVRTNFDAFPDKVAIQLNDTHPSLAIPELMRVLVDLERLDWDKAWEVTVKTCAYTNHTVIPEALERWPVHLLETLLPRHLQIIYEINQRFLNRVAAAFPGDVDRLRRMSLVEEGAVKRINMAHLCIAGSHAVNGVARIHSEILKKTIFKDFYELEPHKFQNKTNGITPRRWLVLCNPGLAEIIAERIGEEYISDLDQLRKLLSYVDDEAFIRDVAKVKQENKLKFAAYLEREYKVHINPNSLFDVQVKRIHEYKRQLLNCLHVITLYNRIKKEPNKFVVPRTVMIGGKAAPGYHMAKMIIKLITAIGDVVNHDPVVGDRLRVIFLENYRVSLAEKVIPAADLSEQISTAGTEASGTGNMKFMLNGALTIGTMDGANVEMAEEAGEENFFIFGMRVEDVDRLDQRGYNAQEYYDRIPELRQIIEQLSSGFFSPKQPDLFKDIVNMLMHHDRFKVFADYEEYVKCQERVSALYKNPREWTRMVIRNIATSGKFSSDRTIAQYAREIWGVEPSRQRLPAP	HHHCCHHHEHHHTTHHTEHHTTTHHEHHHEHHHHTHHHHHHHHHHEHHHHHHHEHHHTCHHHHHHHTHHHHHCHHECETHHHHHHEHTHHHTEEETTEEETHHHHEHEHHTTETTCTTHHHEHTHHEHHEHHEEEECHHHEHEHHHHHHCHHTHHCCTHHCEHHHHHTTHHHTEHHHTTTTHHHHTHHEHHHHHHHHTHHCHHHHHHHHHHHEHHHHHHHHHHHHTTHHTHHHETCHHHHTHHTEHHHTHHHHCHHHEHHTEETTCCHHEHHTTTHHTHHTEEEHHTHHHHHHHEHHCCHHHHCCHHHEHHHHHHTHHHHHHHHHCHETHHHHCEECCTEHHHEEEETEEHHHHHTTHHHHHEHHHTHHHCCTEETHHHHHEETEEEHHHEHCCHTCTHHHETHHHHHHHHHHHHEHHHCEETTHHHHHCTHHHEECHHCHHHTHHHHCCCTCEHHHCHHHHHTETHHHHHTHHTHCHHHHTEEEETHHEETCCHTTCHTTHCCEEHHEEEEECHHHHTHHCHHHHHHHHTTEEHHHHHETTTHHHHCTTTCEHHHHHHHCTTHHHHEETEEHHCEEHTTCHHTTTHHHHHHHHHCHHHHHHHHHHHHHCCEECHHCHHHHTHHHHHHHHEHHCEETTHHHCEETHHCHHHHECTHCCHHHHTHCHHHTHHHHETHHEECHHHHHHTTTHHTTHHTTTHHCHHHHHTHHHHEHHHHHTHHTHHHHCCTEHHCCTHECCHHHCHHHHHEHHHCCTEEHHHHHHHHHHHHTTHHHEHTHHCEEHHTHHTTHHHHCTTCHHCHHHCCHHHCHHHHHTCTHHTBCHHHEHHH
20	>1ABE:A	ENLKLGFLVKQPEEPWFQTEWKFADKAGKDLGFEVIKIAVPDGEKTLNAIDSLAASGAKGFVICTPDPKLGSAIVAKARGYDMKVIAVDDQFVNAKGKPMDTVPLVMMAATKIGERQGQELYKEMQKRGWDVKESAVMAITANELDTARRRTTGSMDALKAAGFPEKQIYQVPTKSNDIPGAFDAANSMLVQHPEVKHWLIVGMNDSTVLGGVRATEGQGFKAADIIGIGINGVDAVSELSKAQATGFYGSLLPSPDVHGYKSSEMLYNWVAKDVEPPKFTEVTDVVLITRDNFKEELEKKGLGGK	TTEEEHHEHHHHTTHHHHHTTHHHHHHHHHEHHTCCCCHHHHHTHHETHCCCEHHCHHHHHHCEHHHHHEHCHCHHHHHHHHHHHCHHHHHHHTHHHHHHHHHHEHHHHHHHCHTHHHHTEHHTHHHHHHHHHTCHHHHCHHTTEHHHHHHHHHCHHHEHHHHHHTHHCHHHHHHCTCCHHHHHHHTCEEHHHHTHHHTECHHHTCCHHEHHHHHHTHHHHHHHHCCHCHCTHHHHHCTECHHHHHHHHHCEEECHHHHHHHCCTEEHTTHHHHHTHHHHHTHHHHHECHHHTHHTTETHHHEHHH
21	>1ABF:A	ENLKLGFLVKQPEEPWFQTEWKFADKAGKDLGFEVIKIAVPDGEKTLNAIDSLAASGAKGFVICTPDPKLGSAIVAKARGYDMKVIAVDDQFVNAKGKPMDTVPLVMMAATKIGERQGQELYKEMQKRGWDVKESAVMAITANELDTARRRTTGSMDALKAAGFPEKQIYQVPTKSNDIPGAFDAANSMLVQHPEVKHWLIVGMNDSTVLGGVRATEGQGFKAADIIGIGINGVDAVSELSKAQATGFYGSLLPSPDVHGYKSSEMLYNWVAKDVEPPKFTEVTDVVLITRDNFKEELEKKGLGGK	TTEEEHHEHHHHTTHHHHHTTHHHHHHHHHEHHTCCCCHHHHHTHHETHCCCEHHCHHHHHHCEHHHHHEHCHCHHHHHHHHHHHCHHHHHHHTHHHHHHHHHHEHHHHHHHCHTHHHHTEHHTHHHHHHHHHTCHHHHCHHTTEHHHHHHHHHCHHHEHHHHHHTHHCHHHHHHCTCCHHHHHHHTCEEHHHHTHHHTECHHHTCCHHEHHHHHHTHHHHHHHHCCHCHCTHHHHHCTECHHHHHHHHHCEEECHHHHHHHCCTEEHTTHHHHHTHHHHHTHHHHHECHHHTHHTTETHHHEHHH
22	>1ABI:L	TFGSGEADCGLRPLFEKKSLEDKTERELLESYIDGR	HHHCHTHHEHEEEEETHHCETHHHTTTEETCHCHHH
23	>1ABI:H	IVEGSDAEIGMSPWQVMLFRKSPQELLCGASLISDRWVLTAAHCLLYPPWDKNFTENDLLVRIGKHSRTRYERNIEKISMLEKIYIHPRYNWRENLDRDIALMKLKKPVAFSDYIHPVCLPDRETAASLLQAGYKGRVTGWGNLKETWTANVGKGQPSVLQVVNLPIVERPVCKDSTRIRITDNMFCAGYKPDEGKRGDACEGDSGGPFVMKSPFNNRWYQMGIVSWGEGCDRDGKYGFYTHVFRLKKWIQKVIDQFGE	CCTHCHHTCHHCHHHHHEHHHCHHTEEEHHCECCHHHHEHHHHEEEHHHHHHTHHTTEEEHHCHHHCHHHHTTTCTHCCEETHCHCHHHHTTTTTEHHHCEEEEEHHHHHHCHHCHHHEEHHHTHHHCEEHHHHHHHHHHHHTEETHHHHTHHHHHHCEEHHHTEECCTHHHEHHCHHCCCHHTHHEHHHHHHTHHHHHHETHHCHHHHHHHCHHTTHHHHHHCCCTHTHEHHHHHHHHHHHHHHEHHTCHHHCHHHHT
24	>1ABI:I	FPRGGGGGNGDFEEIPEEYL	HHHHHHHHTHHHTTCCTTHE
25	>1ABJ:L	TFGSGEADCGLRPLFEKKSLEDKTERELLESYIDGR	HHHCHTHHEHEEEEETHHCETHHHTTTEETCHCHHH
26	>1ABJ:H	IVEGSDAEIGMSPWQVMLFRKSPQELLCGASLISDRWVLTAAHCLLYPPWDKNFTENDLLVRIGKHSRTRYERNIEKISMLEKIYIHPRYNWRENLDRDIALMKLKKPVAFSDYIHPVCLPDRETAASLLQAGYKGRVTGWGNLKETWTANVGKGQPSVLQVVNLPIVERPVCKDSTRIRITDNMFCAGYKPDEGKRGDACEGDSGGPFVMKSPFNNRWYQMGIVSWGEGCDRDGKYGFYTHVFRLKKWIQKVIDQFGE	CCTHCHHTCHHCHHHHHEHHHCHHTEEEHHCECCHHHHEHHHHEEEHHHHHHTHHTTEEEHHCHHHCHHHHTTTCTHCCEETHCHCHHHHTTTTTEHHHCEEEEEHHHHHHCHHCHHHEEHHHTHHHCEEHHHHHHHHHHHHTEETHHHHTHHHHHHCEEHHHTEECCTHHHEHHCHHCCCHHTHHEHHHHHHTHHHHHHETHHCHHHHHHHCHHTTHHHHHHCCCTHTHEHHHHHHHHHHHHHHEHHTCHHHCHHHHT
27	>1ABO:B	MNDPNLFVALYDFVASGDNTLSITKGEKLRVLGYNHNGEWCEAQTKNGQGWVPSNYITPVNS	CTHHTEHHHEHHHHHCHHTEECCHHHTEEEEEHHTTTHTTETHHHHTHHHHHHCTHCHHHTC
28	>1ABO:C	APTMPPPLPP	HHHHHHHEHH
29	>1ABO:A	MNDPNLFVALYDFVASGDNTLSITKGEKLRVLGYNHNGEWCEAQTKNGQGWVPSNYITPVNS	CTHHTEHHHEHHHHHCHHTEECCHHHTEEEEEHHTTTHTTETHHHHTHHHHHHCTHCHHHTC
30	>1ABO:D	APTMPPPLPP	HHHHHHHEHH
31	>1ABQ:A	MNDPNLFVALYDFVASGDNTLSITKGEKLRVLGYNHNGEWCEAQTKNGQGWVPSNYITPVNS	CTHHTEHHHEHHHHHCHHTEECCHHHTEEEEEHHTTTHTTETHHHHTHHHHHHCTHCHHHTC
32	>1ABR:A	EDRPIKFSTEGATSQSYKQFIEALRERLRGGLIHDIPVLPDPTTLQERNRYITVELSNSDTESIEVGIDVTNAYVVAYRAGTQSYFLRDAPSSASDYLFTGTDQHSLPFYGTYGDLERWAHQSRQQIPLGLQALTHGISFFRSGGNDNEEKARTLIVIIQMVAEAARFRYISNRVRVSIQTGTAFQPDAAMISLENNWDNLSRGVQESVQDTFPNQVTLTNIRNEPVIVDSLSHPTVAVLALMLFVCNPPN	THHHCHHCHTHHHCHCHHHHCTEEETEEHHHECHHCHHEHHHHHEHTTTHHCHHTECTCHHTCCTHHCHHHTHHHHHHHHHHHCHHEHHHHCCHCHHEHHHHHHHCEHHHHHHHHETHHHHHCHHHCEEHEHHEHHHCCHHHCHHTTTTTHHHHECCCCHHHHTHHHHHHCCTHHHHCCHHHHHHHHHHHHCCETTTTTTECHHHHTCHHHHHHTHHHEETCTTTHHCHHCECHHHHHHEEEEEEEETHHT
33	>1ABR:B	IVEKSKICSSRYEPTVRIGGRDGMCVDVYDNGYHNGNRIIMWKCKDRLEENQLWTLKSDKTIRSNGKCLTTYGYAPGSYVMIYDCTSAVAEATYWEIWDNGTIINPKSALVLSAESSSMGGTLTVQTNEYLMRQGWRTGNNTSPFVTSISGYSDLCMQAQGSNVWMADCDSNKKEQQWALYTDGSIRSVQNTNNCLTSKDHKQGSTILLMGCSNGWASQRWVFKNDGSIYSLYDDMVMDVKGSDPSLKQIILWPYTGKPNQIWLTLF	CCTHCCCECCHHTHHHHCHHHHHHEHHHHHTHHHTHTTCCHHHEHHHETTTHETEEECHHHCCCTHHEEHHHHHHHHCHHHCHHEECHHHTHHHTTCTTTHHCCTHHCEEEECHTCCCHHHHEHHHHTTHEHHHHHHHHTTBCHHHHCCCHHCEEEHHHHHCTHHHHHEECTHHTHHHHEHHHHCCCCHHTTTTEEECHHHHHHCCCEEHHECTHHHCHHHHHHTHHCCHCEHHHHHHHHHHCHHCEHHCCETHHHHHHTHCTEEEE
34	>1ABS:A	MVLSEGEWQLVLHVWAKVEADVAGHGQDILIRLFKSHPETLEKFDRFKHLKTEAEMKASEDLKKHGVTVLTALGAILKKKGHHEAELKPLAQSHATKHKIPIKYLEFISEAIIHVLHSRHPGNFGADAQGAMNKALELFRKDIAAKYKELGYQG	HHECTHTTHEEEHHHHHHTHHHHHHHHHCECEEHHCHHTEETHHHHHHHEHHTHTHHHCTEEHHHHHHHEHHEHHCEHHHHHHTHTEEEEHHCHHHHHHCCCHHETBCCTHCCHHEECHHHHTHHHHHHHHHTHHETEHHHHCHHHHHTEHHHH
35	>1ABT:A	IVCHTTATSPISAVTCPPGENLCYRKMWCDAFCSSRGKVVELGCAATCPSKKPYEEVTCCSTDKCNPHPKQRPG	CEEHHHHHCCCCHHHEHHHTTEEHHHHTEHHHECCHHHHHTEHEHHHEECHHHHTTHHEECHHHETHHHHHHHH
36	>1ABT:B	KHWVYYTCCPDT	HHHHHHHEEHHH
37	>1ABV:A	SEFITVARPYAKAAFDFAVEHQSVERWQDMLAFAAEVTKNEQMAELLSGALAPETLAESFIAVCGEQLDENGQNLIRVMAENGRLNALPDVLEQFIHLRAVSEATAEVDVISAAALSEQQLAKISAAMEKRLSR	CTBCHHHHHHHHHHHHHHHTHHCCTHHHHHEHHHHTHHHTTHHHTEECHHEHHTEEETCCCHHEHTHEETTHHTECHHHHTTHHETEEHHHETHHCEEHHHCTHHHTHHHCCHHHECTHHEHHCCHHHTHHECC
38	>1ABW:A	MLSPADKTNVKAAWGKVGAHAGEYGAEALERMFLSFPTTKTYFPHFDLSHGSAQVKGHGKKVADALTNAVAHVDDMPNALSALSDLHAHKLRVDPVNFKLLSHCLLVTLAAHLPAEFTPAVHASLDKFLASVSTVLTSKYRGVLSPADKTNVKAAWGKVGAHAGEYGAEALERMFLSFPTTKTYFPHFDLSHGSAQVKGHGKKVADALTNAVAHVDDMPNALSALSDLHAHKLRVDPVNFKLLSHCLLVTLAAHLPAEFTPAVHASLDKFLASVSTVLTSKYR	EECHHHHHTHHHHHHHHHHHHHTHHHTEETHHHECHHHHHHHHHHHHECHHCHHHHHHHHHHHHHEETHHHHHHHHHTEECEECEEHHHHEHHHHHTHHEECEEEEEEEHHHEHHTHHHHHHHCEHHHEECCCHHEECHHHHHECHHHHHTHHHHHHHHHHHHHTHHHTEETHHHECHHHHHHHHHHHHECHHCHHHHHHHHHHHHHEETHHHHHHHHHTEECEECEEHHHHEHHHHHTHHEECEEEEEEEHHHEHHTHHHHHHHCEHHHEECCCHHEECHHH
39	>1ABW:D	MHLTPEEKSAVTALWGKVNVDEVGGEALGRLLVVYPWTQRFFESFGDLSTPDAVMGNPKVKAHGKKVLGAFSDGLAHLDNLKGTFATLSELHCDKLHVDPENFRLLGKVLVCVLAHHFGKEFTPPVQAAYQKVVAGVANALAHKYH	HHEHHTTHCHHHHETHHHTHHTHHHTEEHHEEHHHHHHHHHHTCHHHECHHHHHHHTHHHHHHHHHHEHHHCHHEHHEETEHHHHHHECTEEEEEEHHHHTTHHEEHHHEEEEEHHHHHHTHHHHHHHHHHHHHHHHHTEEHHHHH
40	>1ABW:B	MHLTPEEKSAVTALWGKVNVDEVGGEALGRLLVVYPWTQRFFESFGDLSTPDAVMGNPKVKAHGKKVLGAFSDGLAHLDNLKGTFATLSELHCDKLHVDPENFRLLGKVLVCVLAHHFGKEFTPPVQAAYQKVVAGVANALAHKYH	HHEHHTTHCHHHHETHHHTHHTHHHTEEHHEEHHHHHHHHHHTCHHHECHHHHHHHTHHHHHHHHHHEHHHCHHEHHEETEHHHHHHECTEEEEEEHHHHTTHHEEHHHEEEEEHHHHHHTHHHHHHHHHHHHHHHHHTEEHHHHH
41	>1ABY:B	MHLTPEEKSAVTALWGKVNVDEVGGEALGRLLVVYPWTQRFFESFGDLSTPDAVMGNPKVKAHGKKVLGAFSDGLAHLDNLKGTFATLSELHCDKLHVDPENFRLLGKVLVCVLAHHFGKEFTPPVQAAYQKVVAGVANALAHKYH	HHEHHTTHCHHHHETHHHTHHTHHHTEEHHEEHHHHHHHHHHTCHHHECHHHHHHHTHHHHHHHHHHEHHHCHHEHHEETEHHHHHHECTEEEEEEHHHHTTHHEEHHHEEEEEHHHHHHTHHHHHHHHHHHHHHHHHTEEHHHHH
42	>1ABY:A	MLSPADKTNVKAAWGKVGAHAGEYGAEALERMFLSFPTTKTYFPHFDLSHGSAQVKGHGKKVADALTNAVAHVDDMPNALSALSDLHAHKLRVDPVNFKLLSHCLLVTLAAHLPAEFTPAVHASLDKFLASVSTVLTSKYRGVLSPADKTNVKAAWGKVGAHAGEYGAEALERMFLSFPTTKTYFPHFDLSHGSAQVKGHGKKVADALTNAVAHVDDMPNALSALSDLHAHKLRVDPVNFKLLSHCLLVTLAAHLPAEFTPAVHASLDKFLASVSTVLTSKYR	EECHHHHHTHHHHHHHHHHHHHTHHHTEETHHHECHHHHHHHHHHHHECHHCHHHHHHHHHHHHHEETHHHHHHHHHTEECEECEEHHHHEHHHHHTHHEECEEEEEEEHHHEHHTHHHHHHHCEHHHEECCCHHEECHHHHHECHHHHHTHHHHHHHHHHHHHTHHHTEETHHHECHHHHHHHHHHHHECHHCHHHHHHHHHHHHHEETHHHHHHHHHTEECEECEEHHHHEHHHHHTHHEECEEEEEEEHHHEHHTHHHHHHHCEHHHEECCCHHEECHHH
43	>1ABY:D	MHLTPEEKSAVTALWGKVNVDEVGGEALGRLLVVYPWTQRFFESFGDLSTPDAVMGNPKVKAHGKKVLGAFSDGLAHLDNLKGTFATLSELHCDKLHVDPENFRLLGKVLVCVLAHHFGKEFTPPVQAAYQKVVAGVANALAHKYH	HHEHHTTHCHHHHETHHHTHHTHHHTEEHHEEHHHHHHHHHHTCHHHECHHHHHHHTHHHHHHHHHHEHHHCHHEHHEETEHHHHHHECTEEEEEEHHHHTTHHEEHHHEEEEEHHHHHHTHHHHHHHHHHHHHHHHHTEEHHHHH
44	>1ABZ:A	XDWLKARVEQELQALEARGTDSNAELRAMEAKLKAEIQKX	HHTEHHHHTHTEHHETHHHHHCTHTEHHHTHHEHHTCHHH
45	>1AC0:A	CTTPTAVAVTFDLTATTTYGENIYLVGSISQLGDWETSDGIALSADKYTSSDPLWYVTVTLPAGESFEYKFIRIESDDSVEWESDPNREYTVPQACGTSTATVTDTWR	EHHHHHHHHHHHEHHHHHHHTTCHEHHCCCHEHHTTBCHHCEECHHHHHCCHHETHHHHHEHHHTCCTHHHCCCTCHHCCTTTCHHTTTHHHHHHEHHCHHHHHHHHH
46	>1AC1:A	AQYEDGKQYTTLEKPVAGAPQVLEFFSFFCPLCYQFEEVLHISDNVKKKLPEGVKMTKYHVNFMGGDLGKDLTQAWAVAMALGVEDKVTVPLFEGVQKTQTIRSASDIRDVFINAGIKGEEYDAAWNSFVVKSLVAQQEKAAADVQLRGVPAMFVNGKYQLNPQGMDTSNMDVFVQQYADTVKYLSEKK	HHHTHHHHHHHETHHHHHHHHHETHHCEEEEEEHHHTTEEECCCTHHHHEETHHHHHHHHHTHHHHHEHHHEHHHHHHHHHEHHTHHHHHHEETHHHHHHHCCCHCCCHHHHCTHHCHHTTHHHHTTCHHHHCEHHHHTHHHHHHHEHHHHHHHHTHHHHETHHHHHHCTHHHHHHHHHHHHHHECTHH
47	>1AC1:B	AQYEDGKQYTTLEKPVAGAPQVLEFFSFFCPLCYQFEEVLHISDNVKKKLPEGVKMTKYHVNFMGGDLGKDLTQAWAVAMALGVEDKVTVPLFEGVQKTQTIRSASDIRDVFINAGIKGEEYDAAWNSFVVKSLVAQQEKAAADVQLRGVPAMFVNGKYQLNPQGMDTSNMDVFVQQYADTVKYLSEKK	HHHTHHHHHHHETHHHHHHHHHETHHCEEEEEEHHHTTEEECCCTHHHHEETHHHHHHHHHTHHHHHEHHHEHHHHHHHHHEHHTHHHHHHEETHHHHHHHCCCHCCCHHHHCTHHCHHTTHHHHTTCHHHHCEHHHHTHHHHHHHEHHHHHHHHTHHHHETHHHHHHCTHHHHHHHHHHHHHHECTHH
48	>1AC4:A	MKTLVHVASVEKGRSYEDFQKVYNAIALKLREDDEYDNYIGYGPVLVRLAWHISGTWDKHDNTGGSYGGTYRFKKEFNDPSNAGLQNGFKFLEPIHKEFPWISSGDLFSLGGVTAVQEMQGPKIPWRCGRVDTPEDTTPDNGRLPDADKDAGYVRTFFQRLNMNDREVVALMGAHALGKTHLKNSGYEGPGGAANNVFTNEFYLNLLNEDWKLEKNDANNEQWDSKSGYMMLPTDYSLIQDPKYLSIVKEYANDQDKFFKDFSKAFEKLLEDGITFPKDAPSPFIFKTLEEQGL	HHHEHHHHCCTHHHCHTHHHHHHTHCEEEEETHHTHHTHCHHHHHEEEEHHHCCHHHHHHHTHHHCHHHHHHHHHTTTHHCTHHEHTHHHHETBCHHTHHTCCCHHEECEHHHHHHHTHHHHHCHHHEHHHHHHTHHHHHTHHEHHHHHHHHHHHHHHHHETTTHHTHHHEHHHHHEHHHHEETCHHTHHHHHHTTHHHTTHHETEETTHHHETHTHHTTTHHHCCCHHHHEHHHHCECHHHHHECCHHTHHTHHHHHHHHHCHHHTEEETHHCHHHHHHHCHHCHHHETTHHE
49	>1AC5:A	LPSSEEYKVAYELLPGLSEVPDPSNIPQMHAGHIPLRSEDADEQDSSDLEYFFWKFTNNDSNGNVDRPLIIWLNGGPGCSSMDGALVESGPFRVNSDGKLYLNEGSWISKGDLLFIDQPTGTGFSVEQNKDEGKIDKNKFDEDLEDVTKHFMDFLENYFKIFPEDLTRKIILSGESYAGQYIPFFANAILNHNKFSKIDGDTYDLKALLIGNGWIDPNTQSLSYLPFAMEKKLIDESNPNFKHLTNAHENCQNLINSASTDEAAHFSYQECENILNLLLSYTRESSQKGTADCLNMYNFNLKDSYPSCGMNWPKDISFVSKFFSTPGVIDSLHLDSDKIDHWKECTNSVGTKLSNPISKPSIHLLPGLLESGIEIVLFNGDKDLICNNKGVLDTIDNLKWGGIKGFSDDAVSFDWIHKSKSTDDSEEFSGYVKYDRNLTFVSVYNASHMVPFDKSLVSRGIVDIYSNDVMIIDNNGKNVMITT	EECCTTHHHHHTEEHHECTHHHHCTCHHHHHHHCEEECTHHHTHHCCEETHHHHHHHTTCCTHTHHHHECCTETHHHHECCHHHHEETCHHHHHTCHHHEHETTHCTCCHHHEEECHHHHHHHHCCTHTHHTHHCHHTHHHTEETHHHHHHHHHETTHHHCHHTEEHHHCCECHTCHHHHHCHHHHTHCETTTHHCCCHHHHHHEHHEECHTHTCHHTHHCECHEHHHHTHHECCTCTTTHHHEETHHTTEHTECTCHCHHTHHHHCHHTETTCETEEECHHHTCCHHHHHHEETHHTTTEHHCHHCEHHTTHHHCCHHCHHHCHHHHCCCEEEECHHCHHHHTEETCHHHHECTBCCHHCCEEEHHEETCHCTCEEETHHHHECETTHHHEHHCCTEHHHHCHHHCHHHHCHHTCHHCCCHHHCTTBCHHHHHHHTEHHHCHHTHCHHHHHHHCEECHHCHHCHCTHHHCCCTTHHTHHCHH
50	>1AC6:B	DSVTQTEGQVALSEEDFLTIHCNYSASGYPALFWYVQYPGEGPQFLFRASRDKEKGSSRGFEATYNKEATSFHLQKASVQESDSAVYYCALSGGNNKLTFGAGTKLTIKP	CCHHHHTHHHHECTTHHEECEETHCHCHHHHEHHHHHHHHTHHHHEHHHCHHHTHHCCHHHTHHHTHTHHCHHEHHHCHHTCCCHHHHEEECHHTTEEHHHHHHHEECHH
51	>1AC6:A	DSVTQTEGQVALSEEDFLTIHCNYSASGYPALFWYVQYPGEGPQFLFRASRDKEKGSSRGFEATYNKEATSFHLQKASVQESDSAVYYCALSGGNNKLTFGAGTKLTIKP	CCHHHHTHHHHECTTHHEECEETHCHCHHHHEHHHHHHHHTHHHHEHHHCHHHTHHCCHHHTHHHTHTHHCHHEHHHCHHTCCCHHHHEEECHHTTEEHHHHHHHEECHH
52	>1AC8:A	MKTLVHVASVEKGRSYEDFQKVYNAIALKLREDDEYDNYIGYGPVLVRLAWHISGTWDKHDNTGGSYGGTYRFKKEFNDPSNAGLQNGFKFLEPIHKEFPWISSGDLFSLGGVTAVQEMQGPKIPWRCGRVDTPEDTTPDNGRLPDADKDAGYVRTFFQRLNMNDREVVALMGAHALGKTHLKNSGYEGPGGAANNVFTNEFYLNLLNEDWKLEKNDANNEQWDSKSGYMMLPTDYSLIQDPKYLSIVKEYANDQDKFFKDFSKAFEKLLEDGITFPKDAPSPFIFKTLEEQGL	HHHEHHHHCCTHHHCHTHHHHHHTHCEEEEETHHTHHTHCHHHHHEEEEHHHCCHHHHHHHTHHHCHHHHHHHHHTTTHHCTHHEHTHHHHETBCHHTHHTCCCHHEECEHHHHHHHTHHHHHCHHHEHHHHHHTHHHHHTHHEHHHHHHHHHHHHHHHHETTTHHTHHHEHHHHHEHHHHEETCHHTHHHHHHTTHHHTTHHETEETTHHHETHTHHTTTHHHCCCHHHHEHHHHCECHHHHHECCHHTHHTHHHHHHHHHCHHHTEEETHHCHHHHHHHCHHCHHHETTHHE
53	>1ACA:A	SQAEFDKAAEEVKHLKTKPADEEMLFIYSHYKQATVGDINTERPGMLDFKGKAKWDAWNELKGTSKEDAMKAYIDKVEELKKKYGI	CHHTHHHHHTTHHHEHHHHHHTTEEECHCHHHHHHHHHCTTTHHHHEHHHHHHHHHHTTTEHHHCHTHHHHHHCHHHTTEHHHHHC
54	>1ACB:I	TEFGSELKSFPEVVGKTVDQAREYFTLHYPQYDVYFLPEGSPVTLDLRYNRVRVFYNPGTNVVNHVPHVG	HTHHCTEECHHTHHHHHHHHHHTHHHEHHHHHHHHHEETHCHHHEEEHHTHHHHHHTHHHTHHTHHHHHH
55	>1ACB:E	CGVPAIQPVLSGLSRIVNGEEAVPGSWPWQVSLQDKTGFHFCGGSLINENWVVTAAHCGVTTSDVVVAGEFDQGSSSEKIQKLKIAKVFKNSKYNSLTINNDITLLKLSTAASFSQTVSAVCLPSASDDFAAGTTCVTTGWGLTRYTNANTPDRLQQASLPLLSNTNCKKYWGTKIKDAMICAGASGVSSCMGDSGGPLVCKKNGAWTLVGIVSWGSSTCSTSTPGVYARVTALVNWVQQTLAAN	EHHHHCHHHECHECCCCTHTTHHHHCTHHHHCEHHHHHHHHEHHCECTTTTHHHHHHEHHHHCHHHHHHTHHHHCCCTHCHHEECHHHHHTCHHTCEECTTCCEEEEECHHHCCCHHHCHHEEECHCHHHHHHHHEHHHHHHEHHHHTHTHHHHEHHHCEEEECTTTEHHHHHHHCHHHHCEHHHCHHCCEHHHCHHHEEEHHTHHHHEHHCCCTHCCEECCCHHHHHHHHHHEETTHHHHEHHT
56	>1ACC:A	EVKQENRLLNESESSSQGLLGYYFSDLNFQAPMVVTSSTTGDLSIPSSELENIPSENQYFQSAIWSGFIKVKKSDEYTFATSADNHVTMWVDDQEVINKASNSNKIRLEKGRLYQIKIQYQRENPTEKGLDFKLYWTDSQNKKEVISSDNLQLPELKQKSSNSRKKRSTSAGPTVPDRDNDGIPDSLEVEGYTVDVKNKRTFLSPWISNIHEKKGLTKYKSSPEKWSTASDPYSDFEKVTGRIDKNVSPEARHPLVAAYPIVHVDMENIILSKNEDQSTQNTDSETRTISKNTSTSRTHTSEVHGNAEVHASFFDIGGSVSAGFSNSNSSTVAIDHSLSLAGERTWAETMGLNTADTARLNANIRYVNTGTAPIYNVLPTTSLVLGKNQTLATIKAKENQLSQILAPNNYYPSKNLAPIALNAQDDFSSTPITMNYNQFLELEKTKQLRLDTDQVYGNIATYNFENGRVRVDTGSNWSEVLPQIQETTARIIFNGKDLNLVERRIAAVNPSDPLETTKPDMTLKEALKIAFGFNEPNGNLQYQGKDITEFDFNFDQQTSQNIKNQLAELNATNIYTVLDKIKLNAKMNILIRDKRFHYDRNNIAVGADESVVKEAHREVINSSTEGLLLNIDKDIRKILSGYIVEIEDTEGLKEVINDRYDMLNISSLRQDGKTFIDFKKYNDKLPLYISNPNYKVNVYAVTKENTIINPSENGDTSTNGIKKILIFSKKGYEIG	THHHTTEEETTCTCCCHHEEHHHHCEETHHHHHHHHCCHHHHECCCCCTETTCCCTTHHHHCHCTCHHCHHHHCCTHHHHHCHHTHHHHHHHHHTCCTHHCTCTHCEETHHHEHHCCCHHHHTTHHTHHEHHHEHHHHCHTHHTCCCCCTEHEETEHHHCCTCHHHHCCCHHHHHHHHHTHHCHHCETTTHHHHHHHTHHHHECCTCCTCTTHHHEHHHHCCCTHTCHHCHHHCHHTHHHHHCHHTCCCTHHHHEHHHHHCHHHHHTTCCECHTTHHCHHTHHCTHHHCCHTBCCCHHHHCTHHHTHTHHHCHHHCHHCCCHHHCTCTCCHHHCHHCECEHHTHHHHTHHHETHHHHHHETHTCHHHTHHHHHCHTEEHHHCEEEHHTHHEHHCHHHTTHECHCEHHTTHHHCHTEHHCEETHHHHHCCHHCHHTHTHHETETHHHHEEEHHHHHHHTCHHHTTTTHHHHHHHHCTTCTEEHHCHTHHHHCCCTHHHETEETHHCHHHTBCHHETHHHHHHHEETEEECHHHHTTTTHTEHHHHHHCHTHHHTHHHHHCHTCHTHEETETHHTCHHHEHHCEETHHHTCECHHHHHHHHHTTCHHHHHTCHHHTHHHTCCTCCHTHEEETCHHHCHHCECHHCCTCTHHTHEETCCTHHHHHETCCCEHHHHHHHCHHHHHTHHEEEHCCTTTHHHTHHHHHHTTBCCTBCTTHHHCHTHCHHCECCCHHHHTCH
57	>1ACD:A	GDAFVGTWKLVSSENFDDYMKEVGVGFATRKDAGMAKPNMIISVNGDLVTIRSESTHKNTEISFKLGVEFDEITADDRKVKSIITLDGGALVQVQKWDGKSTTIKRKRDGDKLVVECVMKGVTSTRVYERA	HHHHHHHHHEECCTTHHHHHHTHHHHHHHHHHHHHHHHTCCCCCTHHEHHCCCTCHHHTTTCCHHEHHTHHTCHHHHHHHHCCCEEHHHHEHHHHHHHHHCHHCHHHHHHHHEHHTEHHHHHHCHHHHTHH
58	>1ACF:A	SWQTYVDTNLVGTGAVTQAAILGLDGNTWATSAGFAVTPAQGTTLAGAFNNADAIRAGGFDLAGVHYVTLRADDRSIYGKKGSSGVITVKTSKAILVGVYNEKIQPGTAANVVEKLADYLIGQGF	CTHHHHHHTEHHHHHHHHHHCEHEHHTHHHHCHHHHHHHHHHHHEHHHHTTHHHCHHHHHHEHHHHHHHEHHHHHCCHHHHHCCHHCHHHHCHHCEHHHHTTHCHHHHHHTHHTEEHHHECHHHH
59	>1ACI:A	MTFITKTPPAAVLLKKAAGIESGSGEPNRNKVATIKRDKVREIAELKMPDLNAASIEAAMRMIEGTARSMGIVVED	HHHCHHHHHHHHEEHHHHHCTCHCHTTTTTHHHHCHHHHHHTCHTEHHHHETHHCCTHHHHHCTHHHHCHHCHHTC
60	>1ACJ:A	DDHSELLVNTKSGKVMGTRVPVLSSHISAFLGIPFAEPPVGNMRFRRPEPKKPWSGVWNASTYPNNCQQYVDEQFPGFSGSEMWNPNREMSEDCLYLNIWVPSPRPKSTTVMVWIYGGGFYSGSSTLDVYNGKYLAYTEEVVLVSLSYRVGAFGFLALHGSQEAPGNVGLLDQRMALQWVHDNIQFFGGDPKTVTIFGESAGGASVGMHILSPGSRDLFRRAILQSGSPNCPWASVSVAEGRRRAVELGRNLNCNLNSDEELIHCLREKKPQELIDVEWNVLPFDSIFRFSFVPVIDGEFFPTSLESMLNSGNFKKTQILLGVNKDEGSFFLLYGAPGFSKDSESKISREDFMSGVKLSVPHANDLGLDAVTLQYTDWMDDNNGIKNRDGLDDIVGDHNVICPLMHFVNKYTKFGNGTYLYFFNHRASNLVWPEWMGVIHGYEIEFVFGLPLVKELNYTAEEEALSRRIMHYWATFAKTGNPNEPHSQESKWPLFTTKEQKFIDLNTEPMKVHQRLRVQMCVFWNQFLPKLLNATET	HHHCTEEETHHCHHHHHHHHHHECCCCCHHEHCHHHTHHHHTHHHHHHTHHHHTCHHTTHCHHHTTEHHHHHTHHHHHCHCTTTTTTTTCCTEEEHETCTHHCHHHHCHHHHHTCHHHHHHCHCCEEHHHTHHHEHHHTTHHEECECHHHHHHHHEEEHHCHTHHHTHHEEHHHHHEHHHHHTCHHHHHHHHHHHCHHTCHHHHCHHHHCECHHCHHEHHHHCEHCHCCTEHHHCCCHHTHHHHHHTEHHTETETETCCTTECEEEETHHHHTECHHTTTEEHHHCCHHHCHHHHCHHTHHHHCETCEETCHTHHHHHCEEHHTHHTHCEEEEHHHHHHCHHCTCCCCTTHHHCHHHECHHHHTEEHEHHHHEHHHHHHHHTTHCHTHHHEHHCHHHHTCCEEEHHHHTHHHHHHTHHHEHHHTHHHCTEHHHTTHHHCHHHTCTHHHHEEEHHTETHHHTTTEECHHCHHHHHHHHHHHTTTTHHCHTCHHHEHHHHTHHHCEETTTHHHHHHHEHHHHEHHTTHHEEEEETHHTH
61	>1ACL:A	DDHSELLVNTKSGKVMGTRVPVLSSHISAFLGIPFAEPPVGNMRFRRPEPKKPWSGVWNASTYPNNCQQYVDEQFPGFSGSEMWNPNREMSEDCLYLNIWVPSPRPKSTTVMVWIYGGGFYSGSSTLDVYNGKYLAYTEEVVLVSLSYRVGAFGFLALHGSQEAPGNVGLLDQRMALQWVHDNIQFFGGDPKTVTIFGESAGGASVGMHILSPGSRDLFRRAILQSGSPNCPWASVSVAEGRRRAVELGRNLNCNLNSDEELIHCLREKKPQELIDVEWNVLPFDSIFRFSFVPVIDGEFFPTSLESMLNSGNFKKTQILLGVNKDEGSFFLLYGAPGFSKDSESKISREDFMSGVKLSVPHANDLGLDAVTLQYTDWMDDNNGIKNRDGLDDIVGDHNVICPLMHFVNKYTKFGNGTYLYFFNHRASNLVWPEWMGVIHGYEIEFVFGLPLVKELNYTAEEEALSRRIMHYWATFAKTGNPNEPHSQESKWPLFTTKEQKFIDLNTEPMKVHQRLRVQMCVFWNQFLPKLLNATET	HHHCTEEETHHCHHHHHHHHHHECCCCCHHEHCHHHTHHHHTHHHHHHTHHHHTCHHTTHCHHHTTEHHHHHTHHHHHCHCTTTTTTTTCCTEEEHETCTHHCHHHHCHHHHHTCHHHHHHCHCCEEHHHTHHHEHHHTTHHEECECHHHHHHHHEEEHHCHTHHHTHHEEHHHHHEHHHHHTCHHHHHHHHHHHCHHTCHHHHCHHHHCECHHCHHEHHHHCEHCHCCTEHHHCCCHHTHHHHHHTEHHTETETETCCTTECEEEETHHHHTECHHTTTEEHHHCCHHHCHHHHCHHTHHHHCETCEETCHTHHHHHCEEHHTHHTHCEEEEHHHHHHCHHCTCCCCTTHHHCHHHECHHHHTEEHEHHHHEHHHHHHHHTTHCHTHHHEHHCHHHHTCCEEEHHHHTHHHHHHTHHHEHHHTHHHCTEHHHTTHHHCHHHTCTHHHHEEEHHTETHHHTTTEECHHCHHHHHHHHHHHTTTTHHCHTCHHHEHHHHTHHHCEETTTHHHHHHHEHHHHEHHTTHHEEEEETHHTH
62	>1ACM:B	MTHDNKLGVEAIKRGTVIDHIPAQIGFKLLSLFKLTETDQRITIGLNLPSGEMGRKDLIKIENTFLSEDQVDQLALYAPQATVNRIDNYEVVGKSRPSLPERIDNVLVCPNSNCISHAEPVSSSFAVRKRANDIALKCKYCEKEFSHNVVLAN	HHHHTEEHHTHCHHHHHCHHCHHHCHHHEECEEEEETHHHHCCCHETEECHTHHHHHECCCTTHHECTHHHHHEEEHHHHHHHTTCCTHTHHHHCHHCEETTCCTEEEEETCTECCHHTHHCCCHHHHHHHTCCEEEEHHETHTBCTTHHEET
63	>1ACM:D	MTHDNKLGVEAIKRGTVIDHIPAQIGFKLLSLFKLTETDQRITIGLNLPSGEMGRKDLIKIENTFLSEDQVDQLALYAPQATVNRIDNYEVVGKSRPSLPERIDNVLVCPNSNCISHAEPVSSSFAVRKRANDIALKCKYCEKEFSHNVVLAN	HHHHTEEHHTHCHHHHHCHHCHHHCHHHEECEEEEETHHHHCCCHETEECHTHHHHHECCCTTHHECTHHHHHEEEHHHHHHHTTCCTHTHHHHCHHCEETTCCTEEEEETCTECCHHTHHCCCHHHHHHHTCCEEEEHHETHTBCTTHHEET
64	>1ACM:A	ANPLYQKHIISINDLSRDDLNLVLATAAKLKANPQPELLKHKVIASCFFEASTATRLSFQTSMHRLGASVVGFSDSANTSLGKKGETLADTISVISTYVDAIVMRHPQEGAARLATEFSGNVPVLNAGDGSNQHPTQTLLDLFTIQQTEGRLDNLHVAMVGDLKYGRTVHSLTQALAKFDGNRFYFIAPDALAMPEYILDMLDEKGIAWSLHSSIEEVMAEVDILYMTRVQKERLDPSEYANVKAQFVLRASDLHNAKANMKVLHPLPRVDEIATDVDKTPHAWYFQQAGNGIFARQALLALVLNRDLVL	HTEEHHHHCCCCTEECHHHETEEEHHHHHEHHTHHHTEEHHHHCHCEEETHCHHHHECHHHCHHHEHHCHHHHCCCHTBCEHHHHTEEHHHCCCCCHHHHHCHHHHHHTHHHHEHHTBCHTHHHETHHHHCTHHHHHHEEEEHHCHHHTHHEETEHHHHHHHEHHHHHHHCEHHHEHHHHHTHHHHCHHHHEHHHTHCEEEEETHHCHTCEECCCTTHHHTHHCEHHHHHHHTEEHHCTHHTHHHHHHEHHCEEETHHHTHHHEEEEHHHHTCHHHHHHHHHHHHHHHHHTHCHHHHHEEEEEETHHEEE
65	>1ACM:C	ANPLYQKHIISINDLSRDDLNLVLATAAKLKANPQPELLKHKVIASCFFEASTATRLSFQTSMHRLGASVVGFSDSANTSLGKKGETLADTISVISTYVDAIVMRHPQEGAARLATEFSGNVPVLNAGDGSNQHPTQTLLDLFTIQQTEGRLDNLHVAMVGDLKYGRTVHSLTQALAKFDGNRFYFIAPDALAMPEYILDMLDEKGIAWSLHSSIEEVMAEVDILYMTRVQKERLDPSEYANVKAQFVLRASDLHNAKANMKVLHPLPRVDEIATDVDKTPHAWYFQQAGNGIFARQALLALVLNRDLVL	HTEEHHHHCCCCTEECHHHETEEEHHHHHEHHTHHHTEEHHHHCHCEEETHCHHHHECHHHCHHHEHHCHHHHCCCHTBCEHHHHTEEHHHCCCCCHHHHHCHHHHHHTHHHHEHHTBCHTHHHETHHHHCTHHHHHHEEEEHHCHHHTHHEETEHHHHHHHEHHHHHHHCEHHHEHHHHHTHHHHCHHHHEHHHTHCEEEEETHHCHTCEECCCTTHHHTHHCEHHHHHHHTEEHHCTHHTHHHHHHEHHCEEETHHHTHHHEEEEHHHHTCHHHHHHHHHHHHHHHHHTHCHHHHHEEEEEETHHEEE
66	>1ACO:A	ERAKVAMSHFEPHEYIRYDLLEKNIDIVRKRLNRPLTLSEKIVYGHLDDPANQEIERGKTYLRLRPDRVAMQDATAQMAMLQFISSGLPKVAVPSTIHCDHLIEAQLGGEKDLRRAKDINQEVYNFLATAGAKYGVGFWRPGSGIIHQIILENYAYPGVLLIGTDSHTPNGGGLGGICIGVGGADAVDVMAGIPWELKCPKVIGVKLTGSLSGWTSPKDVILKVAGILTVKGGTGAIVEYHGPGVDSISCTGMATICNMGAEIGATTSVFPYNHRMKKYLSKTGRADIANLADEFKDHLVPDSGCHYDQLIEINLSELKPHINGPFTPDLAHPVAEVGSVAEKEGWPLDIRVGLIGSCTNSSYEDMGRSAAVAKQALAHGLKCKSQFTITPGSEQIRATIERDGYAQVLRDVGGIVLANACGPCIGQWDRKDIKKGEKNTIVTSYNRNFTGRNDANPETHAFVTSPEIVTALAIAGTLKFNPETDFLTGKDGKKFKLEAPDADELPRAEFDPGQDTYQHPPKDSSGQRVDVSPTSQRLQLLEPFDKWDGKDLEDLQILIKVKGKCTTDHISAAGPWLKFRGHLDNISNNLLIGAINSENRKANSVRNAVTQEFGPVPDTARYYKQHGIRWVVIGDENYGEGSSREHSALEPRFLGGRAIITKSFARIHETNLKKQGLLPLTFADPADYNKIHPVDKLTIQGLKDFAPGKPLTCIIKHPNGTQETILLNHTFNETQIEWFRAGSALNRMKELQQK	THHHHHHCHHTHHTHCHHHEETHTCCCHHHHETHHEEECTHCHHHHEHHHHTHTCTHHHHHEEEHHHHHHHHHHHHHHHHEHHCCCHEHHHHHHCCCEEEEECTHHEHHTHHEHHHHHCTHTHHTEEHHHHHHHHHHHHHHHCHCCHHCCETTHHHHHHEECHHHCHHHTHHHEHHCECHHHHHHHHHHHHHCCTTEEEHHHCHHHEHHCECHHHCHHHHCEHHHHCEHHHHHHHHCCTHHHHHHHCCCEHHHHHCETHHHTCHHHHCHHHHTHHHHHHECHHHHHHCHTEHHTHHHHEHHHCHEHHHHECTCTECTEHHHCTHHHHHHEHHHHHTHHCHHTHTHHHEECHHHECHCEETCCHTHHHHCHHHHHHHEHHHEEEECHHHCHHHCTHCHHHCTHHHHHHHEHHHHHCEEETEEHHECHHHHHHHCHHHTHTBCHHCHTTTHHHHTHHTTTHHHHHHCCTCHHHEECHHHEHHTTTHHHEHHHHHHHHHETHHHHHTEHHHTHHHHHHHHHHHHHHCCHHHHHHCHHCHHEHEETHHHHHHHHHETEEHCECHHHHHEHHHHCCHHHHTEHHHHHEETCCTTEECHHCTCTTHHHTCHHTHHHHTHHHHHHHHHHHHHHHCHHHHCHHTTHHTHCCTTBCEETHHHEHHHHCCHHCHHHCTTTTEHHHHEEEEHHHHHHHHTHCHHHHHEECHHEHHHHHHHHEEECCHHHTHHHTBCEETHHHTTHHCTTHHHHCEETHHHTEHHH
67	>1ACP:A	STIEERVKKIIGEQLGVKQEEVTNNASFVEDLGADSLDTVELVMALEEEFDTEIPDEEAEKITTVQAAIDYINGHQA	CCCTTHHHHCCHTHEHHHHTTHHTTHCHHTEEHHHCEHHHTEHHHETTTHHHTCHHTTHTHCHHHHHHCHHCTHHHH
68	>1ACV:B	AQYEDGKQYTTLEKPVAGAPQVLEFFSFFCPSCYQFEEVLHISDNVKKKLPEGVKMTKYHVNFMGGDLGKDLTQAWAVAMALGVEDKVTVPLFEGVQKTQTIRSASDIRDVFINAGIKGEEYDAAWNSFVVKSLVAQQEKAAADVQLRGVPAMFVNGKYQLNPQGMDTSNMDVFVQQYADTVKYLSEKK	HHHTHHHHHHHETHHHHHHHHHETHHCEEEECEHHHTTEEECCCTHHHHEETHHHHHHHHHTHHHHHEHHHEHHHHHHHHHEHHTHHHHHHEETHHHHHHHCCCHCCCHHHHCTHHCHHTTHHHHTTCHHHHCEHHHHTHHHHHHHEHHHHHHHHTHHHHETHHHHHHCTHHHHHHHHHHHHHHECTHH
69	>1ACV:A	AQYEDGKQYTTLEKPVAGAPQVLEFFSFFCPSCYQFEEVLHISDNVKKKLPEGVKMTKYHVNFMGGDLGKDLTQAWAVAMALGVEDKVTVPLFEGVQKTQTIRSASDIRDVFINAGIKGEEYDAAWNSFVVKSLVAQQEKAAADVQLRGVPAMFVNGKYQLNPQGMDTSNMDVFVQQYADTVKYLSEKK	HHHTHHHHHHHETHHHHHHHHHETHHCEEEECEHHHTTEEECCCTHHHHEETHHHHHHHHHTHHHHHEHHHEHHHHHHHHHEHHTHHHHHHEETHHHHHHHCCCHCCCHHHHCTHHCHHTTHHHHTTCHHHHCEHHHHTHHHHHHHEHHHHHHHHTHHHHETHHHHHHCTHHHHHHHHHHHHHHECTHH
70	>1ACW:A	VSCEDCPEHCSTQKAQAKCDNDKCVCEPI	CCETEEETEECHHHHHHHEETHHEEETBC
71	>1ACX:A	APAFSVSPASGASDGQSVSVSVAAAGETYYIAQCAPVGGQDACNPATATSFTTDASGAASFSFTVRKSYAGQTPSGTPVGSVDCATDACNLGAGNSGLNLGHVALTFG	HHHHCCCHHCHHCHHHCCCCCHHHHHTHHHCHHEHHHHHHHHETHHHHHCHHHHHCHHHCCCHHHHHCHHHHHHCHHHHHCHHEHHHHETEHHHTCHETEHHHHEHHH
72	>1ACY:P	YNKRKRIHIGPGRAFYTTKNIIGC	HTHHHHCCCHHHHHHHHHHTCCHE
73	>1ACY:L	DIVMTQSPASLVVSLGQRATISCRASESVDSYGKSFMHWYQQKPGQPPKVLIYIASNLESGVPARFSGSGSRTDFTLTIDPVEADDAATYYCQQNNEDPPTFGAGTKLEMRRADAAPTVSIFPPSSEQLTSGGASVVCFLNNFYPKDINVKWKIDGSERQNGVLNSWTDQDSKDSTYSMSSTLTLTKDEYERHNSYTCEATHKTSTSPIVKSFNR	CCHHHHCHHCEHHCEHHHHHCCEHHCTCHHCHHHCHHHHHHHHHHHHHHHECHCHCTETCHHHHHHCHCHCHHHHHEECHHHTHHHHHHHHEHHTTTHHHHHHHHHHETHHHHHHHHHHCCHHHCCTHEECHHHCHHEEETTHHHHHCTHHHHCHHCTHHTHHETCTHHHHCHHCHHCCCCEEEEHHHTHTHHTCHHETHHHHHCCCCCHHCCTT
74	>1ACY:H	QVKLQESGPAVIKPSQSLSLTCIVSGFSITRTNYCWHWIRQAPGKGLEWMGRICYEGSIYYSPSIKSRSTISRDTSLNKFFIQLISVTNEDTAMYYCSRENHMYETYFDVWGQGTTVTVSSAKTTPPSVYPLAPGSAAQTNSMVTLGCLVKGYFPEPVTVTWNSGSLSSGVHTFPAVLQSDLYTLSSSVTVPSSPRPSETVTCNVAHPASSTKVDKKIVPR	HHHEHTCHHHHCHHCHCECEEECCCHHCCHHHTHETTTCHHHHHHHETTHHHCEHTHCCHHCCCCCCCCCCCHHHCETHHHCHECCHHTTHHHHHHECTTTHHHTHHHHHHHHHHHHHHCCHHHHHHCHHHEHHHCHHHHTCHHHEHEEHHHHHHTHHHHHTTCHCECCHHHHHHHHEHCEEHHECCCHHHHCCHHHCTHHHETHHHHHCCHHHHHHCHHH
75	>1ACZ:A	CTTPTAVAVTFDLTATTTYGENIYLVGSISQLGDWETSDGIALSADKYTSSDPLWYVTVTLPAGESFEYKFIRIESDDSVEWESDPNREYTVPQACGTSTATVTDTWR	EHHHHHHHHHHHEHHHHHHHTTCHEHHCCCHEHHTTBCHHCEECHHHHHCCHHETHHHHHEHHHTCCTHHHCCCTCHHCCTTTCHHTTTHHHHHHEHHCHHHHHHHHH
76	>1AD0:D	EVQLLESGGGLVQPGGSLRLSCATSGFTFTDYYMNWVRQAPGKGLEWLGFIGNKANGYTTEYSASVKGRFTISRDKSKSTLYLQMNTLQAEDSAIYYCTRDRGLRFYFDYWGQGTLVTVSSASTKGPSVFPLAPCSRSTSESTAALGCLVKDYFPEPVTVSWNSGALTSGVHTFPAVLQSSGLYSLSSVVTVPSSSLGTKTYTCNVDHKPSNTKVDKRVE	THHEETCHHHEHHHHHCEEECEHHCHHHHHHHHHTTHHHHHHHHETTEHHCHTHHTHHHHTHCHCHHHHHHCCHHHCCCEEHEHHTEEHHTCCHCHHEHHHHHEHHHHHHHHHHHEHHHCCHCHHHHCHHHEHHECCCCCTCHHHEHEEHHHHHHTHHHHCTTCHHEECHHHHHHHHEHCCHEHCECCHHHHHCCCEHHHHHHETHHHHHCTHHHHHHHT
77	>1AD0:B	EVQLLESGGGLVQPGGSLRLSCATSGFTFTDYYMNWVRQAPGKGLEWLGFIGNKANGYTTEYSASVKGRFTISRDKSKSTLYLQMNTLQAEDSAIYYCTRDRGLRFYFDYWGQGTLVTVSSASTKGPSVFPLAPCSRSTSESTAALGCLVKDYFPEPVTVSWNSGALTSGVHTFPAVLQSSGLYSLSSVVTVPSSSLGTKTYTCNVDHKPSNTKVDKRVE	THHEETCHHHEHHHHHCEEECEHHCHHHHHHHHHTTHHHHHHHHETTEHHCHTHHTHHHHTHCHCHHHHHHCCHHHCCCEEHEHHTEEHHTCCHCHHEHHHHHEHHHHHHHHHHHEHHHCCHCHHHHCHHHEHHECCCCCTCHHHEHEEHHHHHHTHHHHCTTCHHEECHHHHHHHHEHCCHEHCECCHHHHHCCCEHHHHHHETHHHHHCTHHHHHHHT
78	>1AD0:A	QTVLTQSPSSLSVSVGDRVTITCRASSSVTYIHWYQQKPGLAPKSLIYATSNLASGVPSRFSGSGSGTDYTFTISSLQPEDIATYYCQHWSSKPPTFGQGTKVEVKRTVAAPSVFIFPPSDEQLKSGTASVVCLLNNFYPREAKVQWKVDNALQSGNSQESVTEQDSKDSTYSLSSTLTLSKADYEKHKVYACEVTHQGLSSPVTKSFNRGEC	HHHEHHCCCCECCCHHHHHHCEEHHCCCHHHCHHHHHHHHEHHHCECHHHCTEECHHHCHHCHCHCHHHHHHHCCCEHHTCCHHHHEHHTCCHHHHHHHHHHHTHHHHHHHHCHHCHHHCCTHEECHHHCHHEEETTHHHHTHHHHHHHHTEEHCHTCHTCHHTHHCHHCHHCECCEEEECHHHHTHHHHHHETHHHHHECCHHHHCCTHHTE
79	>1AD0:C	QTVLTQSPSSLSVSVGDRVTITCRASSSVTYIHWYQQKPGLAPKSLIYATSNLASGVPSRFSGSGSGTDYTFTISSLQPEDIATYYCQHWSSKPPTFGQGTKVEVKRTVAAPSVFIFPPSDEQLKSGTASVVCLLNNFYPREAKVQWKVDNALQSGNSQESVTEQDSKDSTYSLSSTLTLSKADYEKHKVYACEVTHQGLSSPVTKSFNRGEC	HHHEHHCCCCECCCHHHHHHCEEHHCCCHHHCHHHHHHHHEHHHCECHHHCTEECHHHCHHCHCHCHHHHHHHCCCEHHTCCHHHHEHHTCCHHHHHHHHHHHTHHHHHHHHCHHCHHHCCTHEECHHHCHHEEETTHHHHTHHHHHHHHTEEHCHTCHTCHHTHHCHHCHHCECCEEEECHHHHTHHHHHHETHHHHHECCHHHHCCTHHTE
80	>1AD1:B	TKTKIMGILNVTPDSFSDGGKFNNVESAVTRVKAMMDEGADIIDVGGVSTRPGHEMITVEEELNRVLPVVEAIVGFDVKISVDTFRSEVAEACLKLGVDIINDQWAGLYDHRMFQVVAKYDAEIVLMHNGNGNRDEPVVEEMLTSLLAQAHQAKIAGIPSNKIWLDPGIGFAKTRNEEAEVMARLDELVATEYPVLLATSRKRFTKEMMGYDTTPVERDEVTAATTAYGIMKGVRAVRVHNVELNAKLAKGIDFLKENENARHNFS	HHHHCHHCETHHHHCCCHHHHHTTTTCHHHHHHHHHHTHHHCCHHHHHCHHHHHTCCHHTTTETHHEHHHTHCHHHHHHCCHHHHHCTHHTEEEEEHHHCCTHHHHHEHHHHHHHHHHHHHHTCEEHHTHTHTHHTHHHTTEEECEEHHHHHHHCHHCCCTHCTEHHHCHHHHHHTTTHTHHHHEETEHHHTHHHEEHHCHHHHHHTHHHHHHHHHTHHTHHHHHHHHHCHHHHHHHHHHTTTETHHEHHHCHHEETTTTHHHTBC
81	>1AD1:A	TKTKIMGILNVTPDSFSDGGKFNNVESAVTRVKAMMDEGADIIDVGGVSTRPGHEMITVEEELNRVLPVVEAIVGFDVKISVDTFRSEVAEACLKLGVDIINDQWAGLYDHRMFQVVAKYDAEIVLMHNGNGNRDEPVVEEMLTSLLAQAHQAKIAGIPSNKIWLDPGIGFAKTRNEEAEVMARLDELVATEYPVLLATSRKRFTKEMMGYDTTPVERDEVTAATTAYGIMKGVRAVRVHNVELNAKLAKGIDFLKENENARHNFS	HHHHCHHCETHHHHCCCHHHHHTTTTCHHHHHHHHHHTHHHCCHHHHHCHHHHHTCCHHTTTETHHEHHHTHCHHHHHHCCHHHHHCTHHTEEEEEHHHCCTHHHHHEHHHHHHHHHHHHHHTCEEHHTHTHTHHTHHHTTEEECEEHHHHHHHCHHCCCTHCTEHHHCHHHHHHTTTHTHHHHEETEHHHTHHHEEHHCHHHHHHTHHHHHHHHHTHHTHHHHHHHHHCHHHHHHHHHHTTTETHHEHHHCHHEETTTTHHHTBC
82	>1AD2:A	PKHGKRYRALLEKVDPNKIYTIDEAAHLVKELATAKFDETVEVHAKLGIDPRRSDQNVRGTVSLPHGLGKQVRVLAIAKGEKIKEAEEAGADYVGGEEIIQKILDGWMDFDAVVATPDVMGAVGSKLGRILGPRGLLPNPKAGTVGFNIGEIIREIKAGRIEFRNDKTGAIHAPVGKACFPPEKLADNIRAFIRALEAHKPEGAKGTFLRSVYVTTTMGPSVRINPHS	HHHHHHHHHEETHHHHTHCHHCCTHHHEHHTEHHHHHHTHHTHHHHEHCHHHHCHHTHHHHHCEHHHEHHHHHHEECHHHTHCHTHTTHHHHHHHHTTCCHHCEHHHHHHHHHHHHHHHHHHHHCEEHHCEHHHHEEETHHHHHHHHTCHTCCTTCHHHHCTHHTHHHHHCHHHHHHHEHHHTEEHHTCHHHCHHETHHHHTHHHHHHEECHHHHHHHHHCHHCTHHC
83	>1AD3:A	MSISDTVKRAREAFNSGKTRSLQFRIQQLEALQRMINENLKSISGALASDLGKNEWTSYYEEVAHVLEELDTTIKELPDWAEDEPVAKTRQTQQDDLYIHSEPLGVVLVIGAWNYPFNLTIQPMVGAVAAGNAVILKPSEVSGHMADLLATLIPQYMDQNLYLVVKGGVPETTELLKERFDHIMYTGSTAVGKIVMAAAAKHLTPVTLELGGKSPCYVDKDCDLDVACRRIAWGKFMNSGQTCVAPDYILCDPSIQNQIVEKLKKSLKDFYGEDAKQSRDYGRIINDRHFQRVKGLIDNQKVAHGGTWDQSSRYIAPTILVDVDPQSPVMQEEIFGPVMPIVCVRSLEEAIQFINQREKPLALYVFSNNEKVIKKMIAETSSGGVTANDVIVHITVPTLPFGGVGNSGMGAYHGKKSFETFSHRRSCLVKSLLNEEAHKARYPPSPAKMPRH	CCCCHHHHHHHTHHTCHHHHCEHHHCHHETEEHHHCTTTEECCCHHEECEEHHTTTBCHHTTHHHHETTEHHHCHTEHHHHTTTHHHHHHHHHHHHEHCCCTEEHHHEECHHTTHHHTEECHHHHHHHHHHTHHCEHHCTCCHHHHHEEHHECHHHHHHTEHEHHHHHHHTHHTEEETHHHHCHHHHCHHHHHCHHHHHHHHEHHHHETEHHHCEEHHHHHEEEHHHEHHCHHHHHHTCHHHEHHHHHCEEHHCCHTHCCTEEHHCEHHHHHTHHHHCHHHHHCCTHHHHHHHHHECCTHHHHHHHHHHHCCHHCHHHCEHHHHHHCHHHHTTCHHHHHHCEEHHCETTHCHHCTHHTHHEEEHHHCTTTHHCHHHCHTBCCHHHHHTHHCHHCHHHHEHHHHHHTCHHHHHHHHHCCTHHCHHHCEEHHCEETTTHHHHHHHHCHHHHHHH
84	>1AD3:B	MSISDTVKRAREAFNSGKTRSLQFRIQQLEALQRMINENLKSISGALASDLGKNEWTSYYEEVAHVLEELDTTIKELPDWAEDEPVAKTRQTQQDDLYIHSEPLGVVLVIGAWNYPFNLTIQPMVGAVAAGNAVILKPSEVSGHMADLLATLIPQYMDQNLYLVVKGGVPETTELLKERFDHIMYTGSTAVGKIVMAAAAKHLTPVTLELGGKSPCYVDKDCDLDVACRRIAWGKFMNSGQTCVAPDYILCDPSIQNQIVEKLKKSLKDFYGEDAKQSRDYGRIINDRHFQRVKGLIDNQKVAHGGTWDQSSRYIAPTILVDVDPQSPVMQEEIFGPVMPIVCVRSLEEAIQFINQREKPLALYVFSNNEKVIKKMIAETSSGGVTANDVIVHITVPTLPFGGVGNSGMGAYHGKKSFETFSHRRSCLVKSLLNEEAHKARYPPSPAKMPRH	CCCCHHHHHHHTHHTCHHHHCEHHHCHHETEEHHHCTTTEECCCHHEECEEHHTTTBCHHTTHHHHETTEHHHCHTEHHHHTTTHHHHHHHHHHHHEHCCCTEEHHHEECHHTTHHHTEECHHHHHHHHHHTHHCEHHCTCCHHHHHEEHHECHHHHHHTEHEHHHHHHHTHHTEEETHHHHCHHHHCHHHHHCHHHHHHHHEHHHHETEHHHCEEHHHHHEEEHHHEHHCHHHHHHTCHHHEHHHHHCEEHHCCHTHCCTEEHHCEHHHHHTHHHHCHHHHHCCTHHHHHHHHHECCTHHHHHHHHHHHCCHHCHHHCEHHHHHHCHHHHTTCHHHHHHCEEHHCETTHCHHCTHHTHHEEEHHHCTTTHHCHHHCHTBCCHHHHHTHHCHHCHHHHEHHHHHHTCHHHHHHHHHCCTHHCHHHCEEHHCEETTTHHHHHHHHCHHHHHHH
85	>1AD4:B	TKTKIMGILNVTPDSFSDGGKFNNVESAVTRVKAMMDEGADIIDVGGVSTRPGHEMITVEEELNRVLPVVEAIVGFDVKISVDTFRSEVAEACLKLGVDIINDQWAGLYDHRMFQVVAKYDAEIVLMHNGNGNRDEPVVEEMLTSLLAQAHQAKIAGIPSNKIWLDPGIGFAKTRNEEAEVMARLDELVATEYPVLLATSRKRFTKEMMGYDTTPVERDEVTAATTAYGIMKGVRAVRVHNVELNAKLAKGIDFLKENENARHNFS	HHHHCHHCETHHHHCCCHHHHHTTTTCHHHHHHHHHHTHHHCCHHHHHCHHHHHTCCHHTTTETHHEHHHTHCHHHHHHCCHHHHHCTHHTEEEEEHHHCCTHHHHHEHHHHHHHHHHHHHHTCEEHHTHTHTHHTHHHTTEEECEEHHHHHHHCHHCCCTHCTEHHHCHHHHHHTTTHTHHHHEETEHHHTHHHEEHHCHHHHHHTHHHHHHHHHTHHTHHHHHHHHHCHHHHHHHHHHTTTETHHEHHHCHHEETTTTHHHTBC
86	>1AD4:A	TKTKIMGILNVTPDSFSDGGKFNNVESAVTRVKAMMDEGADIIDVGGVSTRPGHEMITVEEELNRVLPVVEAIVGFDVKISVDTFRSEVAEACLKLGVDIINDQWAGLYDHRMFQVVAKYDAEIVLMHNGNGNRDEPVVEEMLTSLLAQAHQAKIAGIPSNKIWLDPGIGFAKTRNEEAEVMARLDELVATEYPVLLATSRKRFTKEMMGYDTTPVERDEVTAATTAYGIMKGVRAVRVHNVELNAKLAKGIDFLKENENARHNFS	HHHHCHHCETHHHHCCCHHHHHTTTTCHHHHHHHHHHTHHHCCHHHHHCHHHHHTCCHHTTTETHHEHHHTHCHHHHHHCCHHHHHCTHHTEEEEEHHHCCTHHHHHEHHHHHHHHHHHHHHTCEEHHTHTHTHHTHHHTTEEECEEHHHHHHHCHHCCCTHCTEHHHCHHHHHHTTTHTHHHHEETEHHHTHHHEEHHCHHHHHHTHHHHHHHHHTHHTHHHHHHHHHCHHHHHHHHHHTTTETHHEHHHCHHEETTTTHHHTBC
87	>1AD5:A	EDIIVVALYDYEAIHHEDLSFQKGDQMVVLEESGEWWKARSLATRKEGYIPSNYVARVDSLETEEWFFKGISRKDAERQLLAPGNMLGSFMIRDSETTKGSYSLSVRDYDPRQGDTVKHYKIRTLDNGGFYISPRSTFSTLQELVDHYKKGNDGLCQKLSVPCMSSKPQKPWEKDAWEIPRESLKLEKKLGAGQFGEVWMATYNKHTKVAVKTMKPGSMSVEAFLAEANVMKTLQHDKLVKLHAVVTKEPIYIITEFMAKGSLLDFLKSDEGSKQPLPKLIDFSAQIAEGMAFIEQRNYIHRDLRAANILVSASLVCKIADFGLARVGAKFPIKWTAPEAINFGSFTIKSDVWSFGILLMEIVTYGRIPYPGMSNPEVIRALERGYRMPRPENCPEELYNIMMRCWKNRPEERPTFEYIQSVLDDFYTATESQYQQQP	TCCCHHHEHHHTHCHHTEECHHHHHHHHHETTCHTTTHHHCEHHHHTHHCCCTHHHHHHCETTTTTHHHHCCHHHHTHHEEHHHTEEHCHHCHHCTHHHHCHCECHHHHHHHHHHHHHHHHCHHEETHHHHCCHHCHHCEEHTEHHHHHHHTHHEEHHECHHEECCHHHHHTTHHHTTCHHTCEEETHHEHHHHHHTHHHHHHTHHHHHHHHHHHHHCCCCTHHEETHTHHHHEHHHHEEEEHHHHHHTBCHCCHTHHHHHCEEEEEECCTHCHHHEEEECHHCHHCHTHHHHCTHHTHCHHHEHHHTCEECHCEEEECHHHHEHHHHHHHHCHHHHHTHCTHHCHHCCCHHTCHHCEEETCHHHHHCHHHHHCTTTCCHHETHHHHHHHHTTEETTEHTCHHHETHTHHTTHHHHTHCHCEEHHHHHHHTCHHHHHH
88	>1AD5:B	EDIIVVALYDYEAIHHEDLSFQKGDQMVVLEESGEWWKARSLATRKEGYIPSNYVARVDSLETEEWFFKGISRKDAERQLLAPGNMLGSFMIRDSETTKGSYSLSVRDYDPRQGDTVKHYKIRTLDNGGFYISPRSTFSTLQELVDHYKKGNDGLCQKLSVPCMSSKPQKPWEKDAWEIPRESLKLEKKLGAGQFGEVWMATYNKHTKVAVKTMKPGSMSVEAFLAEANVMKTLQHDKLVKLHAVVTKEPIYIITEFMAKGSLLDFLKSDEGSKQPLPKLIDFSAQIAEGMAFIEQRNYIHRDLRAANILVSASLVCKIADFGLARVGAKFPIKWTAPEAINFGSFTIKSDVWSFGILLMEIVTYGRIPYPGMSNPEVIRALERGYRMPRPENCPEELYNIMMRCWKNRPEERPTFEYIQSVLDDFYTATESQYQQQP	TCCCHHHEHHHTHCHHTEECHHHHHHHHHETTCHTTTHHHCEHHHHTHHCCCTHHHHHHCETTTTTHHHHCCHHHHTHHEEHHHTEEHCHHCHHCTHHHHCHCECHHHHHHHHHHHHHHHHCHHEETHHHHCCHHCHHCEEHTEHHHHHHHTHHEEHHECHHEECCHHHHHTTHHHTTCHHTCEEETHHEHHHHHHTHHHHHHTHHHHHHHHHHHHHCCCCTHHEETHTHHHHEHHHHEEEEHHHHHHTBCHCCHTHHHHHCEEEEEECCTHCHHHEEEECHHCHHCHTHHHHCTHHTHCHHHEHHHTCEECHCEEEECHHHHEHHHHHHHHCHHHHHTHCTHHCHHCCCHHTCHHCEEETCHHHHHCHHHHHCTTTCCHHETHHHHHHHHTTEETTEHTCHHHETHTHHTTHHHHTHCHCEEHHHHHHHTCHHHHHH
89	>1AD6:A	VMNTIQQLMMILNSASDQPSENLISYFNNCTVNPKESILKRVKDIGYIFKEKFAKAVGQGCVEIGSQRYKLGVRLYYRVMESMLKSEEERLSIQNFSKLLNDNIFHMSLLACALEVVMATYSRSTSQNLDSGTDLSFPWILNVLNLKAFDFYKVIESFIKAEGNLTREMIKHLERCEHRIMESLA	HHTBCHHEHHCETCHCHHHCTTECCHHTTEHHTHHTCCEHHHHHCHHCHHTHHHHHHHHHEETCHCHHHHEHHHEHHHHHTCEEECTTTEECCHTBCEEETTTCHHHCEEEEEETHHHHHHCCCCCHTEECHHHECHHTCETEETEHHHHHHHHCTCCCHHTHTEHHTCCHHETEETHHCCTCEE
90	>1AD7:A	GEEELQENQELIREKSNX	HTTTEHTTHTECTTHCTT
91	>1AD8:I	DFEEIPEEYL	HHTTCCTTHE
92	>1AD8:H	IVEGSDAEIGMSPWQVMLFRKSPQELLCGASLISDRWVLTAAHCLLYPPWDKNFTENDLLVRIGKHSRTRYERNIEKISMLEKIYIHPRYNWRENLDRDIALMKLKKPVAFSDYIHPVCLPDRETAASLLQAGYKGRVTGWGNLKETWTANVGKGQPSVLQVVNLPIVERPVCKDSTRIRITDNMFCAGYKPDEGKRGDACEGDSGGPFVMKSPFNNRWYQMGIVSWGEGCDRDGKYGFYTHVFRLKKWIQKVIDQFGE	CCTHCHHTCHHCHHHHHEHHHCHHTEEEHHCECCHHHHEHHHHEEEHHHHHHTHHTTEEEHHCHHHCHHHHTTTCTHCCEETHCHCHHHHTTTTTEHHHCEEEEEHHHHHHCHHCHHHEEHHHTHHHCEEHHHHHHHHHHHHTEETHHHHTHHHHHHCEEHHHTEECCTHHHEHHCHHCCCHHTHHEHHHHHHTHHHHHHETHHCHHHHHHHCHHTTHHHHHHCCCTHTHEHHHHHHHHHHHHHHEHHTCHHHCHHHHT
93	>1AD8:L	TFGSGEADCGLRPLFEKKSLEDKTERELLESYIDGR	HHHCHTHHEHEEEEETHHCETHHHTTTEETCHCHHH
94	>1AD9:H	EIQLVQSGAEVKKPGSSVKVSCKASGYTFTDYYINWMRQAPGQGLEWIGWIDPGSGNTKYNEKFKGRATLTVDTSTNTAYMELSSLRSEDTAFYFCAREKTTYYYAMDYWGQGTLVTVSSASTKGPSVFPLAPCSRSTSESTAALGCLVKDYFPEPVTVSWNSGALTSGVHTFPAVLQSSGLYSLSSVVTVPSSSLGTKTYTCNVDHKPSNTKVDKRVE	TCHEHHCHHTHHHHHCCHHHCEHHCHHHHHHHHCTTHHHHHHHHETTCHTCHHHCHTHHHTTHHHHHHHEHHHHCHTHHHHTECCEECTHHHHHHEHHTHHHHHHHHHHHHHHHEHHHCCHCHHHHCHHHEHHECCCCCTCHHHEHEEHHHHHHTHHHHCTTCHHEECHHHHHHHHEHCCHEHCECCHHHHHCCCEHHHHHHETHHHHHCTHHHHHHHT
95	>1AD9:B	EIQLVQSGAEVKKPGSSVKVSCKASGYTFTDYYINWMRQAPGQGLEWIGWIDPGSGNTKYNEKFKGRATLTVDTSTNTAYMELSSLRSEDTAFYFCAREKTTYYYAMDYWGQGTLVTVSSASTKGPSVFPLAPCSRSTSESTAALGCLVKDYFPEPVTVSWNSGALTSGVHTFPAVLQSSGLYSLSSVVTVPSSSLGTKTYTCNVDHKPSNTKVDKRVE	TCHEHHCHHTHHHHHCCHHHCEHHCHHHHHHHHCTTHHHHHHHHETTCHTCHHHCHTHHHTTHHHHHHHEHHHHCHTHHHHTECCEECTHHHHHHEHHTHHHHHHHHHHHHHHHEHHHCCHCHHHHCHHHEHHECCCCCTCHHHEHEEHHHHHHTHHHHCTTCHHEECHHHHHHHHEHCCHEHCECCHHHHHCCCEHHHHHHETHHHHHCTHHHHHHHT
96	>1AD9:L	DIQMTQSPSTLSASVGDRVTITCRSSKSLLHSNGDTFLYWFQQKPGKAPKLLMYRMSNLASGVPSRFSGSGSGTEFTLTISSLQPDDFATYYCMQHLEYPFTFGQGTKVEVKRTVAAPSVFIFPPSDEQLKSGTASVVCLLNNFYPREAKVQWKVDNALQSGNSQESVTEQDSKDSTYSLSSTLTLSKADYEKHKVYACEVTHQGLSSPVTKSFNRGEC	CCHHHHCCCEECHCHHHHHHCEEECCCCEEECTHHHHEHHHHHHHHHHHHEEHHHHCTEECHHHCHHCHCHCHHTHHEECCCEHHHHHHHHHEHHHETHHHHHHHHHHHTHHHHHHHHCHHCHHHCCTHEECHHHCHHEEETTHHHHTHHHHHHHHTEEHCHTCHTCHHTHHCHHCHHCECCEEEECHHHHTHHHHHHETHHHHHECCHHHHCCTHHTE
97	>1AD9:A	DIQMTQSPSTLSASVGDRVTITCRSSKSLLHSNGDTFLYWFQQKPGKAPKLLMYRMSNLASGVPSRFSGSGSGTEFTLTISSLQPDDFATYYCMQHLEYPFTFGQGTKVEVKRTVAAPSVFIFPPSDEQLKSGTASVVCLLNNFYPREAKVQWKVDNALQSGNSQESVTEQDSKDSTYSLSSTLTLSKADYEKHKVYACEVTHQGLSSPVTKSFNRGEC	CCHHHHCCCEECHCHHHHHHCEEECCCCEEECTHHHHEHHHHHHHHHHHHEEHHHHCTEECHHHCHHCHCHCHHTHHEECCCEHHHHHHHHHEHHHETHHHHHHHHHHHTHHHHHHHHCHHCHHHCCTHEECHHHCHHEEETTHHHHTHHHHHHHHTEEHCHTCHTCHHTHHCHHCHHCECCEEEECHHHHTHHHHHHETHHHHHECCHHHHCCTHHTE
98	>1ADB:B	STAGKVIKCKAAVLWEEKKPFSIEEVEVAPPKAHEVRIKMVATGICRSDDHVVSGTLVTPLPVIAGHEAAGIVESIGEGVTTVRPGDKVIPLFTPQCGKCRVCKHPEGNFCLKNDLSMPRGTMQDGTSRFTCRGKPIHHFLGTSTFSQYTVVDEISVAKIDAASPLEKVCLIGCGFSTGYGSAVKVAKVTQGSTCAVFGLGGVGLSVIMGCKAAGAARIIGVDINKDKFAKAKEVGATECVNPQDYKKPIQEVLTEMSNGGVDFSFEVIGRLDTMVTALSCCQEAYGVSVIVGVPPDSQNLSMNPMLLLSGRTWKGAIFGGFKSKDSVPKLVADFMAKKFALDPLITHVLPFEKINEGFDLLRSGESIRTILTF	CHHHHHCEEHHHHETTTHHHHCCTTTTHHHHHHHTHHCHHHHHHCEECHHHHHCHHEHHHEHHCHHHTHHHCCTCCHTHHHHHHHHHHHCEEHHHHEHHEEEEHHHTHTEEEETEECHHHHHHHHHHCHHHEHHHHCHHHEHHCHHCHHHHHHTCCHHHCHHHCEETHHEECHEHHCHHHHCHHHHHHHHHHCEEHHHHEHHHHECCCHHEHHHHHHHCCHHHCTHHHHHHHHTHHHHTEETHHHHHHHCHTEEETCCTHHHHHCCTCCHHEHHHHHHECEEHTHHHHCCCHHHHHHCHTECCTHHEEECHHHHHHHCHHHHHCHHCHHHEHHHHHHHHHHEEEECHHHEHHTHCTTHHHEEECHTCCHHCEHH
99	>1ADB:A	STAGKVIKCKAAVLWEEKKPFSIEEVEVAPPKAHEVRIKMVATGICRSDDHVVSGTLVTPLPVIAGHEAAGIVESIGEGVTTVRPGDKVIPLFTPQCGKCRVCKHPEGNFCLKNDLSMPRGTMQDGTSRFTCRGKPIHHFLGTSTFSQYTVVDEISVAKIDAASPLEKVCLIGCGFSTGYGSAVKVAKVTQGSTCAVFGLGGVGLSVIMGCKAAGAARIIGVDINKDKFAKAKEVGATECVNPQDYKKPIQEVLTEMSNGGVDFSFEVIGRLDTMVTALSCCQEAYGVSVIVGVPPDSQNLSMNPMLLLSGRTWKGAIFGGFKSKDSVPKLVADFMAKKFALDPLITHVLPFEKINEGFDLLRSGESIRTILTF	CHHHHHCEEHHHHETTTHHHHCCTTTTHHHHHHHTHHCHHHHHHCEECHHHHHCHHEHHHEHHCHHHTHHHCCTCCHTHHHHHHHHHHHCEEHHHHEHHEEEEHHHTHTEEEETEECHHHHHHHHHHCHHHEHHHHCHHHEHHCHHCHHHHHHTCCHHHCHHHCEETHHEECHEHHCHHHHCHHHHHHHHHHCEEHHHHEHHHHECCCHHEHHHHHHHCCHHHCTHHHHHHHHTHHHHTEETHHHHHHHCHTEEETCCTHHHHHCCTCCHHEHHHHHHECEEHTHHHHCCCHHHHHHCHTECCTHHEEECHHHHHHHCHHHHHCHHCHHHEHHHHHHHHHHEEEECHHHEHHTHCTTHHHEEECHTCCHHCEHH
100	>1ADC:A	STAGKVIKCKAAVLWEEKKPFSIEEVEVAPPKAHEVRIKMVATGICRSDDHVVSGTLVTPLPVIAGHEAAGIVESIGEGVTTVRPGDKVIPLFTPQCGKCRVCKHPEGNFCLKNDLSMPRGTMQDGTSRFTCRGKPIHHFLGTSTFSQYTVVDEISVAKIDAASPLEKVCLIGCGFSTGYGSAVKVAKVTQGSTCAVFGLGGVGLSVIMGCKAAGAARIIGVDINKDKFAKAKEVGATECVNPQDYKKPIQEVLTEMSNGGVDFSFEVIGRLDTMVTALSCCQEAYGVSVIVGVPPDSQNLSMNPMLLLSGRTWKGAIFGGFKSKDSVPKLVADFMAKKFALDPLITHVLPFEKINEGFDLLRSGESIRTILTF	CHHHHHCEEHHHHETTTHHHHCCTTTTHHHHHHHTHHCHHHHHHCEECHHHHHCHHEHHHEHHCHHHTHHHCCTCCHTHHHHHHHHHHHCEEHHHHEHHEEEEHHHTHTEEEETEECHHHHHHHHHHCHHHEHHHHCHHHEHHCHHCHHHHHHTCCHHHCHHHCEETHHEECHEHHCHHHHCHHHHHHHHHHCEEHHHHEHHHHECCCHHEHHHHHHHCCHHHCTHHHHHHHHTHHHHTEETHHHHHHHCHTEEETCCTHHHHHCCTCCHHEHHHHHHECEEHTHHHHCCCHHHHHHCHTECCTHHEEECHHHHHHHCHHHHHCHHCHHHEHHHHHHHHHHEEEECHHHEHHTHCTTHHHEEECHTCCHHCEHH
